trial,testing,parameters,initial_deadline,final_deadline,net_reward,actions,success
1,False,"{'a': 0.2, 'e': 1.0}",20,0,-109.10347617895579,"{0: 10, 1: 2, 2: 5, 3: 3, 4: 0}",0
2,False,"{'a': 0.2, 'e': 1.0}",20,0,-87.9565932873809,"{0: 11, 1: 0, 2: 8, 3: 1, 4: 0}",0
3,False,"{'a': 0.2, 'e': 1.0}",25,7,-10.80438715748577,"{0: 13, 1: 4, 2: 1, 3: 0, 4: 0}",1
4,False,"{'a': 0.2, 'e': 1.0}",30,0,-165.5086684159332,"{0: 18, 1: 4, 2: 5, 3: 0, 4: 3}",0
5,False,"{'a': 0.2, 'e': 1.0}",20,0,-90.04004125360841,"{0: 13, 1: 1, 2: 4, 3: 1, 4: 1}",0
6,False,"{'a': 0.2, 'e': 1.0}",35,0,-229.3629432186633,"{0: 18, 1: 6, 2: 6, 3: 2, 4: 3}",0
7,False,"{'a': 0.2, 'e': 1.0}",25,0,-167.9156571161337,"{0: 14, 1: 2, 2: 5, 3: 2, 4: 2}",0
8,False,"{'a': 0.2, 'e': 1.0}",20,0,-70.38291987404314,"{0: 14, 1: 0, 2: 5, 3: 0, 4: 1}",0
9,False,"{'a': 0.2, 'e': 1.0}",20,0,-62.8937620850295,"{0: 13, 1: 2, 2: 3, 3: 2, 4: 0}",0
10,False,"{'a': 0.2, 'e': 1.0}",20,0,-81.2245447488373,"{0: 14, 1: 0, 2: 4, 3: 1, 4: 1}",0
11,False,"{'a': 0.2, 'e': 1.0}",20,0,-69.41366664504345,"{0: 12, 1: 2, 2: 5, 3: 1, 4: 0}",0
12,False,"{'a': 0.2, 'e': 1.0}",35,0,-181.08593265484652,"{0: 18, 1: 5, 2: 8, 3: 3, 4: 1}",0
13,False,"{'a': 0.2, 'e': 1.0}",25,0,-117.00510969274802,"{0: 15, 1: 4, 2: 4, 3: 0, 4: 2}",0
14,False,"{'a': 0.2, 'e': 1.0}",25,0,-41.14578359840405,"{0: 19, 1: 1, 2: 4, 3: 1, 4: 0}",0
15,False,"{'a': 0.2, 'e': 1.0}",25,0,-170.69448655379944,"{0: 13, 1: 1, 2: 8, 3: 1, 4: 2}",0
16,False,"{'a': 0.2, 'e': 1.0}",30,0,-174.43094437520077,"{0: 17, 1: 2, 2: 8, 3: 1, 4: 2}",0
17,False,"{'a': 0.2, 'e': 1.0}",30,4,-124.3590818675573,"{0: 15, 1: 3, 2: 5, 3: 2, 4: 1}",1
18,False,"{'a': 0.2, 'e': 1.0}",35,0,-242.0569060498529,"{0: 17, 1: 4, 2: 10, 3: 1, 4: 3}",0
19,False,"{'a': 0.2, 'e': 1.0}",20,0,-86.46317221569227,"{0: 11, 1: 4, 2: 4, 3: 0, 4: 1}",0
20,False,"{'a': 0.2, 'e': 1.0}",20,0,-194.42442856193568,"{0: 4, 1: 8, 2: 4, 3: 2, 4: 2}",0
21,False,"{'a': 0.2, 'e': 1.0}",20,0,-116.2612529732811,"{0: 9, 1: 3, 2: 7, 3: 0, 4: 1}",0
22,False,"{'a': 0.2, 'e': 1.0}",30,0,-111.30985564967689,"{0: 19, 1: 2, 2: 7, 3: 1, 4: 1}",0
23,False,"{'a': 0.2, 'e': 1.0}",30,0,-78.24086440055768,"{0: 20, 1: 3, 2: 6, 3: 1, 4: 0}",0
24,False,"{'a': 0.2, 'e': 1.0}",25,0,-91.39039087190227,"{0: 15, 1: 2, 2: 6, 3: 2, 4: 0}",0
25,False,"{'a': 0.2, 'e': 1.0}",20,0,-52.93474159337667,"{0: 13, 1: 3, 2: 3, 3: 1, 4: 0}",0
26,False,"{'a': 0.2, 'e': 1.0}",30,6,-113.76183122356626,"{0: 16, 1: 1, 2: 5, 3: 0, 4: 2}",1
27,False,"{'a': 0.2, 'e': 1.0}",25,0,-51.13813444392071,"{0: 17, 1: 2, 2: 6, 3: 0, 4: 0}",0
28,False,"{'a': 0.2, 'e': 1.0}",20,0,-149.02343356907363,"{0: 11, 1: 0, 2: 6, 3: 1, 4: 2}",0
29,False,"{'a': 0.2, 'e': 1.0}",20,0,-136.85559888550821,"{0: 10, 1: 0, 2: 7, 3: 2, 4: 1}",0
30,False,"{'a': 0.2, 'e': 1.0}",30,0,-140.4348296434675,"{0: 17, 1: 3, 2: 8, 3: 1, 4: 1}",0
31,False,"{'a': 0.2, 'e': 1.0}",25,0,-207.47061425722438,"{0: 13, 1: 4, 2: 4, 3: 0, 4: 4}",0
32,False,"{'a': 0.2, 'e': 1.0}",20,0,-118.01553729743775,"{0: 13, 1: 2, 2: 2, 3: 1, 4: 2}",0
33,False,"{'a': 0.2, 'e': 1.0}",25,0,-180.58650123675568,"{0: 13, 1: 3, 2: 6, 3: 0, 4: 3}",0
34,False,"{'a': 0.2, 'e': 1.0}",25,6,-125.0748676361358,"{0: 10, 1: 2, 2: 5, 3: 0, 4: 2}",1
35,False,"{'a': 0.2, 'e': 1.0}",20,8,-12.44286561261055,"{0: 8, 1: 3, 2: 1, 3: 0, 4: 0}",1
36,False,"{'a': 0.2, 'e': 1.0}",30,0,-139.62445489460188,"{0: 20, 1: 2, 2: 5, 3: 1, 4: 2}",0
37,False,"{'a': 0.2, 'e': 1.0}",30,0,-182.76820446008168,"{0: 16, 1: 1, 2: 10, 3: 1, 4: 2}",0
38,False,"{'a': 0.2, 'e': 1.0}",20,0,-11.961889911672008,"{0: 17, 1: 0, 2: 3, 3: 0, 4: 0}",0
39,False,"{'a': 0.2, 'e': 1.0}",25,1,-26.35380355622946,"{0: 19, 1: 2, 2: 2, 3: 1, 4: 0}",1
40,False,"{'a': 0.2, 'e': 1.0}",20,7,-15.166884759809026,"{0: 10, 1: 1, 2: 1, 3: 1, 4: 0}",1
41,False,"{'a': 0.2, 'e': 1.0}",30,0,-77.67837631265867,"{0: 22, 1: 3, 2: 4, 3: 0, 4: 1}",0
42,False,"{'a': 0.2, 'e': 1.0}",20,0,-90.14534917586579,"{0: 10, 1: 2, 2: 7, 3: 1, 4: 0}",0
43,False,"{'a': 0.2, 'e': 1.0}",25,13,-47.64133272423237,"{0: 6, 1: 0, 2: 6, 3: 0, 4: 0}",1
44,False,"{'a': 0.2, 'e': 1.0}",25,12,-65.82207278878926,"{0: 8, 1: 0, 2: 4, 3: 0, 4: 1}",1
45,False,"{'a': 0.2, 'e': 1.0}",25,0,-177.01133789794946,"{0: 15, 1: 2, 2: 4, 3: 1, 4: 3}",0
46,False,"{'a': 0.2, 'e': 1.0}",20,0,-86.73755364543047,"{0: 14, 1: 1, 2: 2, 3: 2, 4: 1}",0
47,False,"{'a': 0.2, 'e': 1.0}",20,0,-85.81206111610493,"{0: 12, 1: 2, 2: 5, 3: 0, 4: 1}",0
48,False,"{'a': 0.2, 'e': 1.0}",20,2,-53.62870206201194,"{0: 13, 1: 2, 2: 2, 3: 0, 4: 1}",1
49,False,"{'a': 0.2, 'e': 1.0}",25,7,-33.170610820214925,"{0: 13, 1: 1, 2: 3, 3: 1, 4: 0}",1
50,False,"{'a': 0.2, 'e': 1.0}",20,0,-163.30834869022186,"{0: 10, 1: 0, 2: 7, 3: 1, 4: 2}",0
51,False,"{'a': 0.2, 'e': 1.0}",20,0,-177.8341677858389,"{0: 8, 1: 4, 2: 5, 3: 0, 4: 3}",0
52,False,"{'a': 0.2, 'e': 1.0}",20,0,-193.5747203455261,"{0: 11, 1: 1, 2: 4, 3: 0, 4: 4}",0
53,False,"{'a': 0.2, 'e': 1.0}",35,0,-267.7652204675784,"{0: 20, 1: 1, 2: 8, 3: 2, 4: 4}",1
54,False,"{'a': 0.2, 'e': 1.0}",35,0,-124.19621115307739,"{0: 23, 1: 2, 2: 8, 3: 1, 4: 1}",0
55,False,"{'a': 0.2, 'e': 1.0}",30,0,-100.5989591830766,"{0: 18, 1: 3, 2: 7, 3: 2, 4: 0}",0
56,False,"{'a': 0.2, 'e': 1.0}",20,0,-97.38612135761385,"{0: 10, 1: 1, 2: 8, 3: 1, 4: 0}",0
57,False,"{'a': 0.2, 'e': 1.0}",20,0,-167.01732525684844,"{0: 12, 1: 0, 2: 4, 3: 1, 4: 3}",0
58,False,"{'a': 0.2, 'e': 1.0}",25,0,-200.57739737546774,"{0: 14, 1: 4, 2: 3, 3: 0, 4: 4}",0
59,False,"{'a': 0.2, 'e': 1.0}",20,0,-139.94167229317188,"{0: 14, 1: 1, 2: 1, 3: 1, 4: 3}",0
60,False,"{'a': 0.2, 'e': 1.0}",30,0,-121.78489928580716,"{0: 17, 1: 5, 2: 7, 3: 0, 4: 1}",0
61,False,"{'a': 0.2, 'e': 1.0}",25,0,-54.85774623934718,"{0: 18, 1: 0, 2: 6, 3: 1, 4: 0}",0
62,False,"{'a': 0.2, 'e': 1.0}",25,0,-196.39152959228286,"{0: 13, 1: 2, 2: 6, 3: 1, 4: 3}",0
63,False,"{'a': 0.2, 'e': 1.0}",20,0,-85.61050454258444,"{0: 11, 1: 5, 2: 3, 3: 0, 4: 1}",0
64,False,"{'a': 0.2, 'e': 1.0}",20,0,-94.30669422652143,"{0: 13, 1: 2, 2: 2, 3: 2, 4: 1}",0
65,False,"{'a': 0.2, 'e': 1.0}",20,0,-114.96502110519906,"{0: 11, 1: 3, 2: 3, 3: 2, 4: 1}",0
66,False,"{'a': 0.2, 'e': 1.0}",20,0,-83.48865542309844,"{0: 13, 1: 1, 2: 5, 3: 0, 4: 1}",0
67,False,"{'a': 0.2, 'e': 1.0}",30,6,-76.6992230766058,"{0: 15, 1: 6, 2: 2, 3: 0, 4: 1}",1
68,False,"{'a': 0.2, 'e': 1.0}",25,0,-234.928894207952,"{0: 10, 1: 4, 2: 6, 3: 2, 4: 3}",0
69,False,"{'a': 0.2, 'e': 1.0}",25,0,-128.47507332104342,"{0: 16, 1: 2, 2: 4, 3: 1, 4: 2}",0
70,False,"{'a': 0.2, 'e': 1.0}",30,0,-124.2180919791767,"{0: 18, 1: 2, 2: 9, 3: 0, 4: 1}",0
71,False,"{'a': 0.2, 'e': 1.0}",25,0,-223.1711921506904,"{0: 9, 1: 4, 2: 7, 3: 3, 4: 2}",0
72,False,"{'a': 0.2, 'e': 1.0}",20,0,-98.60272920232603,"{0: 11, 1: 4, 2: 3, 3: 1, 4: 1}",0
73,False,"{'a': 0.2, 'e': 1.0}",20,0,-65.37365349974615,"{0: 13, 1: 2, 2: 3, 3: 2, 4: 0}",0
74,False,"{'a': 0.2, 'e': 1.0}",20,0,-58.21606355318312,"{0: 15, 1: 1, 2: 3, 3: 0, 4: 1}",0
75,False,"{'a': 0.2, 'e': 1.0}",20,0,-189.8567560728512,"{0: 7, 1: 4, 2: 4, 3: 3, 4: 2}",0
76,False,"{'a': 0.2, 'e': 1.0}",25,0,-111.13022350488583,"{0: 17, 1: 1, 2: 5, 3: 0, 4: 2}",0
77,False,"{'a': 0.2, 'e': 1.0}",30,0,-154.59308583966902,"{0: 18, 1: 3, 2: 6, 3: 1, 4: 2}",0
78,False,"{'a': 0.2, 'e': 1.0}",20,0,-155.82336430387687,"{0: 10, 1: 1, 2: 6, 3: 1, 4: 2}",0
79,False,"{'a': 0.2, 'e': 1.0}",30,0,-194.56139833256827,"{0: 16, 1: 5, 2: 5, 3: 1, 4: 3}",0
80,False,"{'a': 0.2, 'e': 1.0}",20,0,-68.39002509821678,"{0: 14, 1: 2, 2: 3, 3: 0, 4: 1}",0
81,False,"{'a': 0.2, 'e': 1.0}",30,0,-58.45025055154945,"{0: 22, 1: 2, 2: 5, 3: 1, 4: 0}",0
82,False,"{'a': 0.2, 'e': 1.0}",20,0,-116.80136225855823,"{0: 13, 1: 2, 2: 2, 3: 1, 4: 2}",0
83,False,"{'a': 0.2, 'e': 1.0}",20,0,-15.976021421068442,"{0: 17, 1: 1, 2: 1, 3: 1, 4: 0}",0
84,False,"{'a': 0.2, 'e': 1.0}",20,0,-151.19156425496925,"{0: 11, 1: 0, 2: 6, 3: 1, 4: 2}",0
85,False,"{'a': 0.2, 'e': 1.0}",20,0,-52.02237331659635,"{0: 14, 1: 0, 2: 5, 3: 1, 4: 0}",0
86,False,"{'a': 0.2, 'e': 1.0}",30,0,-196.80275765771435,"{0: 18, 1: 2, 2: 5, 3: 2, 4: 3}",0
87,False,"{'a': 0.2, 'e': 1.0}",20,0,-71.83972260880286,"{0: 14, 1: 1, 2: 4, 3: 0, 4: 1}",0
88,False,"{'a': 0.2, 'e': 1.0}",30,0,-201.47602415713325,"{0: 15, 1: 5, 2: 7, 3: 0, 4: 3}",0
89,False,"{'a': 0.2, 'e': 1.0}",20,0,-33.756108616027916,"{0: 14, 1: 2, 2: 4, 3: 0, 4: 0}",0
90,False,"{'a': 0.2, 'e': 1.0}",20,0,-89.15770480529068,"{0: 12, 1: 2, 2: 5, 3: 0, 4: 1}",0
91,False,"{'a': 0.2, 'e': 1.0}",25,0,-111.72977774404168,"{0: 12, 1: 7, 2: 5, 3: 0, 4: 1}",0
92,False,"{'a': 0.2, 'e': 1.0}",25,0,-99.67314816098273,"{0: 15, 1: 4, 2: 4, 3: 1, 4: 1}",0
93,False,"{'a': 0.2, 'e': 1.0}",20,0,-45.27874837288954,"{0: 16, 1: 1, 2: 2, 3: 0, 4: 1}",0
94,False,"{'a': 0.2, 'e': 1.0}",20,0,-50.79255475212242,"{0: 12, 1: 5, 2: 2, 3: 1, 4: 0}",0
95,False,"{'a': 0.2, 'e': 1.0}",25,0,-124.66880945956434,"{0: 18, 1: 3, 2: 1, 3: 0, 4: 3}",0
96,False,"{'a': 0.2, 'e': 1.0}",25,0,-148.61227365369749,"{0: 12, 1: 3, 2: 7, 3: 2, 4: 1}",0
97,False,"{'a': 0.2, 'e': 1.0}",25,0,-109.24486305922223,"{0: 18, 1: 1, 2: 4, 3: 0, 4: 2}",0
98,False,"{'a': 0.2, 'e': 1.0}",20,0,-23.755234336965582,"{0: 15, 1: 2, 2: 3, 3: 0, 4: 0}",0
99,False,"{'a': 0.2, 'e': 1.0}",20,0,-97.4732927382088,"{0: 11, 1: 5, 2: 2, 3: 1, 4: 1}",0
100,False,"{'a': 0.2, 'e': 1.0}",25,0,-176.98968742143714,"{0: 13, 1: 5, 2: 3, 3: 1, 4: 3}",0
101,False,"{'a': 0.2, 'e': 1.0}",20,0,-115.23402553515932,"{0: 12, 1: 4, 2: 1, 3: 1, 4: 2}",0
102,False,"{'a': 0.2, 'e': 1.0}",20,0,-59.847291879094804,"{0: 13, 1: 3, 2: 2, 3: 2, 4: 0}",0
103,False,"{'a': 0.2, 'e': 1.0}",20,0,-121.80196577520302,"{0: 12, 1: 1, 2: 5, 3: 0, 4: 2}",0
104,False,"{'a': 0.2, 'e': 1.0}",25,0,-134.56722648083442,"{0: 11, 1: 5, 2: 8, 3: 0, 4: 1}",0
105,False,"{'a': 0.2, 'e': 1.0}",30,11,-31.934463083013732,"{0: 14, 1: 1, 2: 4, 3: 0, 4: 0}",1
106,False,"{'a': 0.2, 'e': 1.0}",30,0,-46.18220870965665,"{0: 22, 1: 3, 2: 4, 3: 1, 4: 0}",0
107,False,"{'a': 0.2, 'e': 1.0}",20,0,-97.40130008708226,"{0: 12, 1: 2, 2: 4, 3: 1, 4: 1}",0
108,False,"{'a': 0.2, 'e': 1.0}",25,0,-111.28206712358036,"{0: 14, 1: 5, 2: 4, 3: 1, 4: 1}",0
109,False,"{'a': 0.2, 'e': 1.0}",20,3,-84.776841672783,"{0: 11, 1: 0, 2: 4, 3: 1, 4: 1}",1
110,False,"{'a': 0.2, 'e': 1.0}",30,0,-89.07373966797972,"{0: 19, 1: 1, 2: 9, 3: 1, 4: 0}",0
111,False,"{'a': 0.2, 'e': 1.0}",30,0,-211.36007529945397,"{0: 16, 1: 4, 2: 6, 3: 1, 4: 3}",0
112,False,"{'a': 0.2, 'e': 1.0}",20,0,-54.36576290501925,"{0: 12, 1: 2, 2: 6, 3: 0, 4: 0}",0
113,False,"{'a': 0.2, 'e': 1.0}",25,0,-90.38392407782567,"{0: 16, 1: 1, 2: 5, 3: 3, 4: 0}",0
114,False,"{'a': 0.2, 'e': 1.0}",25,19,3.779855416249079,"{0: 5, 1: 1, 2: 0, 3: 0, 4: 0}",1
115,False,"{'a': 0.2, 'e': 1.0}",20,0,-106.72596222293834,"{0: 13, 1: 2, 2: 3, 3: 0, 4: 2}",0
116,False,"{'a': 0.2, 'e': 1.0}",20,0,-80.40269701466417,"{0: 13, 1: 4, 2: 1, 3: 1, 4: 1}",0
117,False,"{'a': 0.2, 'e': 1.0}",25,0,-162.81343356541413,"{0: 14, 1: 1, 2: 7, 3: 1, 4: 2}",0
118,False,"{'a': 0.2, 'e': 1.0}",35,0,-228.59234784547925,"{0: 18, 1: 2, 2: 10, 3: 3, 4: 2}",0
119,False,"{'a': 0.2, 'e': 1.0}",25,0,-148.8392398067662,"{0: 16, 1: 2, 2: 4, 3: 0, 4: 3}",0
120,False,"{'a': 0.2, 'e': 1.0}",20,0,-117.58396154469558,"{0: 13, 1: 1, 2: 3, 3: 1, 4: 2}",0
121,False,"{'a': 0.2, 'e': 1.0}",25,0,-86.34146258466997,"{0: 18, 1: 0, 2: 5, 3: 1, 4: 1}",0
122,False,"{'a': 0.2, 'e': 1.0}",20,0,-26.521899624690082,"{0: 17, 1: 1, 2: 1, 3: 0, 4: 1}",0
123,False,"{'a': 0.2, 'e': 1.0}",25,0,-42.152700860111736,"{0: 19, 1: 2, 2: 3, 3: 1, 4: 0}",0
124,False,"{'a': 0.2, 'e': 1.0}",20,5,-96.38258771031926,"{0: 7, 1: 2, 2: 4, 3: 1, 4: 1}",1
125,False,"{'a': 0.2, 'e': 1.0}",20,0,-30.056803139753875,"{0: 13, 1: 4, 2: 3, 3: 0, 4: 0}",0
126,False,"{'a': 0.2, 'e': 1.0}",35,0,-239.03938453256043,"{0: 19, 1: 6, 2: 5, 3: 1, 4: 4}",0
127,False,"{'a': 0.2, 'e': 1.0}",25,0,-189.32911213397728,"{0: 11, 1: 6, 2: 5, 3: 0, 4: 3}",0
128,False,"{'a': 0.2, 'e': 1.0}",20,0,-217.80999255412868,"{0: 7, 1: 3, 2: 5, 3: 2, 4: 3}",0
129,False,"{'a': 0.2, 'e': 1.0}",25,0,-108.18340036675389,"{0: 17, 1: 1, 2: 4, 3: 2, 4: 1}",0
130,False,"{'a': 0.2, 'e': 1.0}",30,0,-120.99751994463632,"{0: 23, 1: 3, 2: 1, 3: 0, 4: 3}",0
131,False,"{'a': 0.2, 'e': 1.0}",25,10,-43.38768451199292,"{0: 9, 1: 4, 2: 0, 3: 2, 4: 0}",1
132,False,"{'a': 0.2, 'e': 1.0}",25,0,-122.32624579237894,"{0: 15, 1: 4, 2: 4, 3: 0, 4: 2}",0
133,False,"{'a': 0.2, 'e': 1.0}",20,0,-140.53490356278482,"{0: 9, 1: 3, 2: 4, 3: 3, 4: 1}",0
134,False,"{'a': 0.2, 'e': 1.0}",25,0,-152.61634070744984,"{0: 15, 1: 4, 2: 3, 3: 0, 4: 3}",0
135,False,"{'a': 0.2, 'e': 1.0}",35,0,-66.6350175118839,"{0: 28, 1: 1, 2: 3, 3: 3, 4: 0}",0
136,False,"{'a': 0.2, 'e': 1.0}",20,0,-82.42222646243756,"{0: 14, 1: 1, 2: 3, 3: 1, 4: 1}",0
137,False,"{'a': 0.2, 'e': 1.0}",30,0,-162.78896487183158,"{0: 17, 1: 2, 2: 9, 3: 0, 4: 2}",1
138,False,"{'a': 0.2, 'e': 1.0}",20,0,-132.40553538485324,"{0: 11, 1: 4, 2: 2, 3: 1, 4: 2}",0
139,False,"{'a': 0.2, 'e': 1.0}",25,0,-126.8799232270329,"{0: 16, 1: 0, 2: 7, 3: 0, 4: 2}",0
140,False,"{'a': 0.2, 'e': 1.0}",30,3,-138.23079345485934,"{0: 17, 1: 1, 2: 6, 3: 1, 4: 2}",1
141,False,"{'a': 0.2, 'e': 1.0}",20,0,-156.3988088079581,"{0: 10, 1: 1, 2: 6, 3: 1, 4: 2}",0
142,False,"{'a': 0.2, 'e': 1.0}",30,0,-111.70301319327015,"{0: 21, 1: 3, 2: 4, 3: 0, 4: 2}",0
143,False,"{'a': 0.2, 'e': 1.0}",20,0,-49.54807156282659,"{0: 14, 1: 4, 2: 1, 3: 0, 4: 1}",0
144,False,"{'a': 0.2, 'e': 1.0}",20,0,-109.66273122145748,"{0: 11, 1: 3, 2: 3, 3: 2, 4: 1}",0
145,False,"{'a': 0.2, 'e': 1.0}",25,0,-194.97419652499525,"{0: 11, 1: 0, 2: 11, 3: 1, 4: 2}",0
146,False,"{'a': 0.2, 'e': 1.0}",35,0,-278.0186965998229,"{0: 16, 1: 5, 2: 9, 3: 1, 4: 4}",0
147,False,"{'a': 0.2, 'e': 1.0}",20,0,-149.51749746135837,"{0: 11, 1: 2, 2: 3, 3: 2, 4: 2}",0
148,False,"{'a': 0.2, 'e': 1.0}",20,0,-170.64260609676973,"{0: 8, 1: 4, 2: 5, 3: 1, 4: 2}",0
149,False,"{'a': 0.2, 'e': 1.0}",20,10,-9.063814682319832,"{0: 7, 1: 2, 2: 1, 3: 0, 4: 0}",1
150,False,"{'a': 0.2, 'e': 1.0}",30,0,-76.96825531520639,"{0: 24, 1: 0, 2: 4, 3: 1, 4: 1}",0
151,False,"{'a': 0.2, 'e': 1.0}",20,0,-78.3457304621192,"{0: 12, 1: 0, 2: 7, 3: 1, 4: 0}",0
152,False,"{'a': 0.2, 'e': 1.0}",20,0,-159.78060476341403,"{0: 11, 1: 1, 2: 5, 3: 0, 4: 3}",0
153,False,"{'a': 0.2, 'e': 1.0}",20,0,-209.35750902984736,"{0: 6, 1: 4, 2: 6, 3: 1, 4: 3}",0
154,False,"{'a': 0.2, 'e': 1.0}",20,0,-136.9560123929154,"{0: 12, 1: 0, 2: 5, 3: 1, 4: 2}",0
155,False,"{'a': 0.2, 'e': 1.0}",30,0,-67.77123463849087,"{0: 20, 1: 2, 2: 8, 3: 0, 4: 0}",0
156,False,"{'a': 0.2, 'e': 1.0}",25,6,-82.06219923941184,"{0: 9, 1: 3, 2: 6, 3: 1, 4: 0}",1
157,False,"{'a': 0.2, 'e': 1.0}",20,0,-89.07459962354135,"{0: 15, 1: 2, 2: 1, 3: 0, 4: 2}",0
158,False,"{'a': 0.2, 'e': 1.0}",20,0,-120.03444533546742,"{0: 12, 1: 3, 2: 2, 3: 1, 4: 2}",0
159,False,"{'a': 0.2, 'e': 1.0}",25,14,-64.78920427260725,"{0: 6, 1: 1, 2: 3, 3: 0, 4: 1}",1
160,False,"{'a': 0.2, 'e': 1.0}",20,0,-128.30781345953764,"{0: 10, 1: 2, 2: 5, 3: 2, 4: 1}",0
161,False,"{'a': 0.2, 'e': 1.0}",20,0,-102.54084011423859,"{0: 12, 1: 1, 2: 5, 3: 1, 4: 1}",0
162,False,"{'a': 0.2, 'e': 1.0}",20,0,-82.69455512681981,"{0: 12, 1: 3, 2: 4, 3: 0, 4: 1}",0
163,False,"{'a': 0.2, 'e': 1.0}",25,0,-154.3800809816711,"{0: 13, 1: 5, 2: 4, 3: 1, 4: 2}",0
164,False,"{'a': 0.2, 'e': 1.0}",20,0,-78.2749082906217,"{0: 14, 1: 1, 2: 3, 3: 1, 4: 1}",0
165,False,"{'a': 0.2, 'e': 1.0}",25,2,-95.03753947911574,"{0: 12, 1: 3, 2: 7, 3: 1, 4: 0}",1
166,False,"{'a': 0.2, 'e': 1.0}",20,0,-166.0790311031774,"{0: 10, 1: 2, 2: 3, 3: 3, 4: 2}",0
167,False,"{'a': 0.2, 'e': 1.0}",30,0,-172.02981883517785,"{0: 18, 1: 1, 2: 7, 3: 2, 4: 2}",0
168,False,"{'a': 0.2, 'e': 1.0}",30,0,-53.99478969675651,"{0: 21, 1: 3, 2: 5, 3: 1, 4: 0}",0
169,False,"{'a': 0.2, 'e': 1.0}",20,0,-155.54196891504782,"{0: 12, 1: 0, 2: 5, 3: 0, 4: 3}",0
170,False,"{'a': 0.2, 'e': 1.0}",35,0,-110.90014893129579,"{0: 24, 1: 2, 2: 7, 3: 1, 4: 1}",0
171,False,"{'a': 0.2, 'e': 1.0}",25,0,-246.63010965513126,"{0: 9, 1: 5, 2: 5, 3: 3, 4: 3}",0
172,False,"{'a': 0.2, 'e': 1.0}",20,0,-95.7296936703824,"{0: 8, 1: 6, 2: 5, 3: 1, 4: 0}",0
173,False,"{'a': 0.2, 'e': 1.0}",25,0,-87.69134670643282,"{0: 15, 1: 3, 2: 5, 3: 2, 4: 0}",0
174,False,"{'a': 0.2, 'e': 1.0}",30,16,-86.43302272356568,"{0: 8, 1: 0, 2: 4, 3: 1, 4: 1}",1
175,False,"{'a': 0.2, 'e': 1.0}",20,0,-52.433929448415036,"{0: 13, 1: 3, 2: 3, 3: 1, 4: 0}",0
176,False,"{'a': 0.2, 'e': 1.0}",30,0,-165.64923346508422,"{0: 15, 1: 3, 2: 9, 3: 2, 4: 1}",0
177,False,"{'a': 0.2, 'e': 1.0}",25,0,-83.48388787945791,"{0: 17, 1: 3, 2: 3, 3: 1, 4: 1}",0
178,False,"{'a': 0.2, 'e': 1.0}",30,0,-127.49669633828036,"{0: 19, 1: 4, 2: 5, 3: 0, 4: 2}",0
179,False,"{'a': 0.2, 'e': 1.0}",20,0,-122.84180251699338,"{0: 11, 1: 1, 2: 5, 3: 2, 4: 1}",0
180,False,"{'a': 0.2, 'e': 1.0}",25,0,-164.59939854717499,"{0: 11, 1: 1, 2: 11, 3: 1, 4: 1}",0
181,False,"{'a': 0.2, 'e': 1.0}",20,0,-64.6418400613979,"{0: 13, 1: 1, 2: 4, 3: 2, 4: 0}",0
182,False,"{'a': 0.2, 'e': 1.0}",20,0,-179.98645330263125,"{0: 12, 1: 1, 2: 3, 3: 0, 4: 4}",0
183,False,"{'a': 0.2, 'e': 1.0}",30,11,-64.49785981629906,"{0: 14, 1: 2, 2: 1, 3: 1, 4: 1}",1
184,False,"{'a': 0.2, 'e': 1.0}",20,0,-160.94758997866944,"{0: 9, 1: 2, 2: 6, 3: 1, 4: 2}",0
185,False,"{'a': 0.2, 'e': 1.0}",20,0,-147.92570947336844,"{0: 8, 1: 3, 2: 6, 3: 2, 4: 1}",0
186,False,"{'a': 0.2, 'e': 1.0}",20,0,-121.38876208096177,"{0: 11, 1: 3, 2: 4, 3: 0, 4: 2}",0
187,False,"{'a': 0.2, 'e': 1.0}",30,8,-99.55208793981454,"{0: 13, 1: 4, 2: 2, 3: 2, 4: 1}",1
188,False,"{'a': 0.2, 'e': 1.0}",20,0,-114.69510926692111,"{0: 8, 1: 2, 2: 9, 3: 1, 4: 0}",0
189,False,"{'a': 0.2, 'e': 1.0}",20,0,-117.33771581279449,"{0: 13, 1: 1, 2: 3, 3: 1, 4: 2}",0
190,False,"{'a': 0.2, 'e': 1.0}",25,15,-25.23275213058906,"{0: 6, 1: 1, 2: 3, 3: 0, 4: 0}",1
191,False,"{'a': 0.2, 'e': 1.0}",20,0,-79.80405281963537,"{0: 13, 1: 1, 2: 5, 3: 0, 4: 1}",0
192,False,"{'a': 0.2, 'e': 1.0}",20,0,-146.9914911687227,"{0: 10, 1: 2, 2: 5, 3: 1, 4: 2}",0
193,False,"{'a': 0.2, 'e': 1.0}",35,0,-82.60181735373615,"{0: 24, 1: 5, 2: 5, 3: 0, 4: 1}",0
194,False,"{'a': 0.2, 'e': 1.0}",30,0,-100.1791550106767,"{0: 16, 1: 5, 2: 8, 3: 1, 4: 0}",0
195,False,"{'a': 0.2, 'e': 1.0}",25,0,-104.77204193173954,"{0: 16, 1: 1, 2: 6, 3: 1, 4: 1}",0
196,False,"{'a': 0.2, 'e': 1.0}",20,0,-22.742395622875108,"{0: 15, 1: 1, 2: 4, 3: 0, 4: 0}",0
197,False,"{'a': 0.2, 'e': 1.0}",20,0,-75.21044850487182,"{0: 14, 1: 2, 2: 2, 3: 1, 4: 1}",0
198,False,"{'a': 0.2, 'e': 1.0}",25,0,-73.16961088298225,"{0: 17, 1: 2, 2: 4, 3: 2, 4: 0}",0
199,False,"{'a': 0.2, 'e': 1.0}",25,0,-151.32246957106528,"{0: 13, 1: 3, 2: 5, 3: 3, 4: 1}",0
200,False,"{'a': 0.2, 'e': 1.0}",20,0,-46.73753212604483,"{0: 14, 1: 0, 2: 6, 3: 0, 4: 0}",0
201,False,"{'a': 0.2, 'e': 0.99}",25,0,-48.876390127340116,"{0: 15, 1: 7, 2: 3, 3: 0, 4: 0}",0
202,False,"{'a': 0.2, 'e': 0.9801}",20,0,-133.55420293878421,"{0: 9, 1: 2, 2: 7, 3: 1, 4: 1}",0
203,False,"{'a': 0.2, 'e': 0.9702989999999999}",25,0,-110.0233251154197,"{0: 19, 1: 2, 2: 1, 3: 0, 4: 3}",0
204,False,"{'a': 0.2, 'e': 0.96059601}",20,0,-154.75548863510946,"{0: 10, 1: 3, 2: 3, 3: 2, 4: 2}",0
205,False,"{'a': 0.2, 'e': 0.9509900498999999}",25,0,-44.94261655690714,"{0: 21, 1: 1, 2: 2, 3: 0, 4: 1}",0
206,False,"{'a': 0.2, 'e': 0.9414801494009999}",20,0,-116.88840409302928,"{0: 10, 1: 2, 2: 6, 3: 1, 4: 1}",0
207,False,"{'a': 0.2, 'e': 0.9320653479069899}",20,0,-52.96656030435802,"{0: 15, 1: 1, 2: 3, 3: 0, 4: 1}",0
208,False,"{'a': 0.2, 'e': 0.92274469442792}",20,0,-131.31290512914953,"{0: 8, 1: 5, 2: 5, 3: 1, 4: 1}",0
209,False,"{'a': 0.2, 'e': 0.9135172474836407}",20,0,-115.22953856982096,"{0: 12, 1: 4, 2: 1, 3: 1, 4: 2}",0
210,False,"{'a': 0.2, 'e': 0.9043820750088043}",25,0,-52.32315725419765,"{0: 17, 1: 1, 2: 7, 3: 0, 4: 0}",0
211,False,"{'a': 0.2, 'e': 0.8953382542587163}",25,13,-44.99935216941294,"{0: 8, 1: 2, 2: 1, 3: 0, 4: 1}",1
212,False,"{'a': 0.2, 'e': 0.8863848717161291}",20,0,-52.05692635436399,"{0: 13, 1: 1, 2: 6, 3: 0, 4: 0}",0
213,False,"{'a': 0.2, 'e': 0.8775210229989678}",35,0,-167.98563050448087,"{0: 20, 1: 1, 2: 11, 3: 2, 4: 1}",0
214,False,"{'a': 0.2, 'e': 0.8687458127689781}",25,8,-51.488217495316896,"{0: 13, 1: 0, 2: 3, 3: 0, 4: 1}",1
215,False,"{'a': 0.2, 'e': 0.8600583546412883}",20,0,-111.96000219204068,"{0: 9, 1: 4, 2: 6, 3: 0, 4: 1}",0
216,False,"{'a': 0.2, 'e': 0.8514577710948754}",20,0,-87.38721386045853,"{0: 12, 1: 2, 2: 5, 3: 0, 4: 1}",0
217,False,"{'a': 0.2, 'e': 0.8429431933839266}",25,0,-45.830068868456735,"{0: 20, 1: 1, 2: 3, 3: 0, 4: 1}",0
218,False,"{'a': 0.2, 'e': 0.8345137614500874}",20,0,-48.732855500978395,"{0: 14, 1: 1, 2: 4, 3: 1, 4: 0}",0
219,False,"{'a': 0.2, 'e': 0.8261686238355865}",20,0,-114.83558010358539,"{0: 13, 1: 1, 2: 3, 3: 1, 4: 2}",0
220,False,"{'a': 0.2, 'e': 0.8179069375972307}",30,0,-174.0553260304513,"{0: 22, 1: 0, 2: 4, 3: 0, 4: 4}",0
221,False,"{'a': 0.2, 'e': 0.8097278682212583}",20,0,-20.949988792735603,"{0: 15, 1: 2, 2: 3, 3: 0, 4: 0}",0
222,False,"{'a': 0.2, 'e': 0.8016305895390458}",30,0,-107.69607051195213,"{0: 22, 1: 1, 2: 5, 3: 0, 4: 2}",0
223,False,"{'a': 0.2, 'e': 0.7936142836436553}",30,14,-98.966393324461,"{0: 10, 1: 0, 2: 4, 3: 0, 4: 2}",1
224,False,"{'a': 0.2, 'e': 0.7856781408072188}",30,0,-38.49197059861384,"{0: 26, 1: 0, 2: 3, 3: 0, 4: 1}",0
225,False,"{'a': 0.2, 'e': 0.7778213593991465}",25,17,-40.16407861721959,"{0: 6, 1: 0, 2: 1, 3: 0, 4: 1}",1
226,False,"{'a': 0.2, 'e': 0.7700431458051551}",20,13,6.306498503730644,"{0: 6, 1: 1, 2: 0, 3: 0, 4: 0}",1
227,False,"{'a': 0.2, 'e': 0.7623427143471035}",20,0,-40.089201264759424,"{0: 14, 1: 2, 2: 3, 3: 1, 4: 0}",0
228,False,"{'a': 0.2, 'e': 0.7547192872036325}",25,1,-59.973397215720794,"{0: 19, 1: 1, 2: 2, 3: 1, 4: 1}",1
229,False,"{'a': 0.2, 'e': 0.7471720943315961}",25,0,-147.3196075191497,"{0: 17, 1: 2, 2: 2, 3: 1, 4: 3}",0
230,False,"{'a': 0.2, 'e': 0.7397003733882802}",25,0,-111.67528190284372,"{0: 16, 1: 2, 2: 4, 3: 2, 4: 1}",0
231,False,"{'a': 0.2, 'e': 0.7323033696543974}",20,0,-67.86303250378643,"{0: 14, 1: 2, 2: 3, 3: 0, 4: 1}",0
232,False,"{'a': 0.2, 'e': 0.7249803359578534}",25,0,-156.97780553849807,"{0: 13, 1: 2, 2: 8, 3: 0, 4: 2}",0
233,False,"{'a': 0.2, 'e': 0.7177305325982748}",25,0,-189.36301320400682,"{0: 16, 1: 1, 2: 3, 3: 1, 4: 4}",0
234,False,"{'a': 0.2, 'e': 0.7105532272722921}",20,8,-58.39030231496549,"{0: 9, 1: 0, 2: 1, 3: 1, 4: 1}",1
235,False,"{'a': 0.2, 'e': 0.7034476949995692}",20,11,-40.158562691076234,"{0: 7, 1: 0, 2: 1, 3: 0, 4: 1}",1
236,False,"{'a': 0.2, 'e': 0.6964132180495735}",25,0,-180.88015238812892,"{0: 16, 1: 2, 2: 3, 3: 0, 4: 4}",0
237,False,"{'a': 0.2, 'e': 0.6894490858690777}",20,12,-7.0363890371408395,"{0: 7, 1: 0, 2: 0, 3: 1, 4: 0}",1
238,False,"{'a': 0.2, 'e': 0.682554595010387}",25,0,-35.96839841402267,"{0: 21, 1: 0, 2: 3, 3: 0, 4: 1}",0
239,False,"{'a': 0.2, 'e': 0.6757290490602831}",25,0,-82.09469058591225,"{0: 18, 1: 2, 2: 3, 3: 1, 4: 1}",0
240,False,"{'a': 0.2, 'e': 0.6689717585696803}",30,2,-35.78393800588384,"{0: 21, 1: 1, 2: 6, 3: 0, 4: 0}",1
241,False,"{'a': 0.2, 'e': 0.6622820409839835}",20,0,-49.29230855755318,"{0: 12, 1: 2, 2: 6, 3: 0, 4: 0}",0
242,False,"{'a': 0.2, 'e': 0.6556592205741436}",20,1,-30.388303735698983,"{0: 14, 1: 2, 2: 2, 3: 1, 4: 0}",1
243,False,"{'a': 0.2, 'e': 0.6491026283684022}",30,0,-34.6846793296951,"{0: 24, 1: 3, 2: 2, 3: 0, 4: 1}",0
244,False,"{'a': 0.2, 'e': 0.6426116020847181}",25,6,-73.60059157495746,"{0: 12, 1: 3, 2: 2, 3: 1, 4: 1}",1
245,False,"{'a': 0.2, 'e': 0.6361854860638709}",35,16,-43.90490776648336,"{0: 14, 1: 0, 2: 3, 3: 2, 4: 0}",1
246,False,"{'a': 0.2, 'e': 0.6298236312032323}",20,0,-46.426244492977496,"{0: 14, 1: 1, 2: 4, 3: 1, 4: 0}",0
247,False,"{'a': 0.2, 'e': 0.6235253948912}",20,8,-44.062923857070345,"{0: 9, 1: 0, 2: 2, 3: 0, 4: 1}",1
248,False,"{'a': 0.2, 'e': 0.617290140942288}",25,9,-75.94409781444469,"{0: 11, 1: 1, 2: 1, 3: 2, 4: 1}",1
249,False,"{'a': 0.2, 'e': 0.6111172395328651}",20,0,-35.82695034314767,"{0: 16, 1: 2, 2: 1, 3: 0, 4: 1}",0
250,False,"{'a': 0.2, 'e': 0.6050060671375365}",20,0,-43.03787503518799,"{0: 16, 1: 2, 2: 1, 3: 0, 4: 1}",0
251,False,"{'a': 0.2, 'e': 0.5989560064661611}",30,0,-56.57400852139958,"{0: 23, 1: 0, 2: 6, 3: 1, 4: 0}",0
252,False,"{'a': 0.2, 'e': 0.5929664464014994}",20,0,-9.04643341044237,"{0: 16, 1: 2, 2: 2, 3: 0, 4: 0}",0
253,False,"{'a': 0.2, 'e': 0.5870367819374844}",20,10,-18.587257624861042,"{0: 9, 1: 0, 2: 0, 3: 0, 4: 1}",1
254,False,"{'a': 0.2, 'e': 0.5811664141181095}",25,15,-69.40362736071829,"{0: 5, 1: 0, 2: 4, 3: 0, 4: 1}",1
255,False,"{'a': 0.2, 'e': 0.5753547499769285}",20,14,-40.65939837217432,"{0: 4, 1: 0, 2: 1, 3: 0, 4: 1}",1
256,False,"{'a': 0.2, 'e': 0.5696012024771592}",20,0,-111.43491645527433,"{0: 14, 1: 1, 2: 2, 3: 1, 4: 2}",0
257,False,"{'a': 0.2, 'e': 0.5639051904523876}",35,19,-17.120511705700054,"{0: 15, 1: 0, 2: 0, 3: 0, 4: 1}",1
258,False,"{'a': 0.2, 'e': 0.5582661385478638}",20,6,-72.87974072388285,"{0: 11, 1: 0, 2: 1, 3: 0, 4: 2}",1
259,False,"{'a': 0.2, 'e': 0.5526834771623851}",25,16,7.636089998332412,"{0: 8, 1: 1, 2: 0, 3: 0, 4: 0}",1
260,False,"{'a': 0.2, 'e': 0.5471566423907612}",20,0,-133.29791353278964,"{0: 13, 1: 0, 2: 3, 3: 2, 4: 2}",0
261,False,"{'a': 0.2, 'e': 0.5416850759668536}",20,0,7.4165009439256,"{0: 18, 1: 0, 2: 2, 3: 0, 4: 0}",0
262,False,"{'a': 0.2, 'e': 0.536268225207185}",20,11,12.027683178609475,"{0: 9, 1: 0, 2: 0, 3: 0, 4: 0}",1
263,False,"{'a': 0.2, 'e': 0.5309055429551132}",30,18,-41.99542109045086,"{0: 9, 1: 1, 2: 1, 3: 0, 4: 1}",1
264,False,"{'a': 0.2, 'e': 0.525596487525562}",30,17,-10.766792678348079,"{0: 10, 1: 1, 2: 2, 3: 0, 4: 0}",1
265,False,"{'a': 0.2, 'e': 0.5203405226503064}",20,4,-22.58329033032268,"{0: 11, 1: 2, 2: 3, 3: 0, 4: 0}",1
266,False,"{'a': 0.2, 'e': 0.5151371174238033}",25,8,0.9285723299204678,"{0: 14, 1: 1, 2: 2, 3: 0, 4: 0}",1
267,False,"{'a': 0.2, 'e': 0.5099857462495653}",25,0,-45.72963944137706,"{0: 18, 1: 1, 2: 6, 3: 0, 4: 0}",0
268,False,"{'a': 0.2, 'e': 0.5048858887870696}",20,8,-16.462052557234415,"{0: 11, 1: 0, 2: 0, 3: 0, 4: 1}",1
269,False,"{'a': 0.2, 'e': 0.4998370298991989}",20,10,-23.47566354892659,"{0: 6, 1: 1, 2: 3, 3: 0, 4: 0}",1
270,False,"{'a': 0.2, 'e': 0.49483865960020695}",30,13,-61.289255153998596,"{0: 13, 1: 0, 2: 2, 3: 1, 4: 1}",1
271,False,"{'a': 0.2, 'e': 0.4898902730042049}",30,16,-45.236862691460885,"{0: 10, 1: 1, 2: 2, 3: 0, 4: 1}",1
272,False,"{'a': 0.2, 'e': 0.48499137027416284}",25,0,-26.13128746864425,"{0: 19, 1: 1, 2: 5, 3: 0, 4: 0}",0
273,False,"{'a': 0.2, 'e': 0.4801414565714212}",20,16,8.810796218180222,"{0: 4, 1: 0, 2: 0, 3: 0, 4: 0}",1
274,False,"{'a': 0.2, 'e': 0.475340042005707}",20,11,5.895835797225461,"{0: 8, 1: 0, 2: 1, 3: 0, 4: 0}",1
275,False,"{'a': 0.2, 'e': 0.47058664158564995}",25,0,-158.2722988756111,"{0: 19, 1: 0, 2: 2, 3: 0, 4: 4}",0
276,False,"{'a': 0.2, 'e': 0.4658807751697934}",20,0,-10.52598705350626,"{0: 16, 1: 2, 2: 2, 3: 0, 4: 0}",0
277,False,"{'a': 0.2, 'e': 0.4612219674180955}",30,0,-33.425713955249066,"{0: 26, 1: 2, 2: 0, 3: 1, 4: 1}",0
278,False,"{'a': 0.2, 'e': 0.45660974774391455}",20,0,-76.76370616601501,"{0: 14, 1: 0, 2: 4, 3: 1, 4: 1}",0
279,False,"{'a': 0.2, 'e': 0.4520436502664754}",25,8,-36.73284047704834,"{0: 14, 1: 0, 2: 2, 3: 0, 4: 1}",1
280,False,"{'a': 0.2, 'e': 0.44752321376381066}",20,7,-0.3291801875382905,"{0: 10, 1: 2, 2: 1, 3: 0, 4: 0}",1
281,False,"{'a': 0.2, 'e': 0.44304798162617254}",20,13,-0.206919547655934,"{0: 6, 1: 0, 2: 1, 3: 0, 4: 0}",1
282,False,"{'a': 0.2, 'e': 0.4386175018099108}",30,7,-26.785329252998707,"{0: 19, 1: 2, 2: 1, 3: 0, 4: 1}",1
283,False,"{'a': 0.2, 'e': 0.4342313267918117}",20,0,-7.19360447937765,"{0: 16, 1: 1, 2: 3, 3: 0, 4: 0}",0
284,False,"{'a': 0.2, 'e': 0.4298890135238936}",20,0,32.533796860913725,"{0: 20, 1: 0, 2: 0, 3: 0, 4: 0}",0
285,False,"{'a': 0.2, 'e': 0.42559012338865465}",20,0,26.79348877038072,"{0: 20, 1: 0, 2: 0, 3: 0, 4: 0}",0
286,False,"{'a': 0.2, 'e': 0.4213342221547681}",20,15,7.103807522604289,"{0: 5, 1: 0, 2: 0, 3: 0, 4: 0}",1
287,False,"{'a': 0.2, 'e': 0.41712087993322045}",20,0,-67.48625378377686,"{0: 16, 1: 0, 2: 1, 3: 2, 4: 1}",0
288,False,"{'a': 0.2, 'e': 0.41294967113388825}",25,14,-4.681778236140611,"{0: 9, 1: 0, 2: 2, 3: 0, 4: 0}",1
289,False,"{'a': 0.2, 'e': 0.40882017442254937}",30,0,-48.347220862435265,"{0: 24, 1: 2, 2: 3, 3: 0, 4: 1}",0
290,False,"{'a': 0.2, 'e': 0.4047319726783239}",20,10,-5.287837028275167,"{0: 8, 1: 0, 2: 2, 3: 0, 4: 0}",1
291,False,"{'a': 0.2, 'e': 0.40068465295154065}",20,0,-93.22251417868611,"{0: 17, 1: 0, 2: 0, 3: 0, 4: 3}",0
292,False,"{'a': 0.2, 'e': 0.39667780642202527}",25,4,14.991209024805173,"{0: 19, 1: 0, 2: 2, 3: 0, 4: 0}",1
293,False,"{'a': 0.2, 'e': 0.392711028357805}",20,8,-12.732192899636612,"{0: 10, 1: 0, 2: 1, 3: 1, 4: 0}",1
294,False,"{'a': 0.2, 'e': 0.38878391807422696}",25,8,-85.92638216912248,"{0: 12, 1: 1, 2: 2, 3: 0, 4: 2}",1
295,False,"{'a': 0.2, 'e': 0.3848960788934847}",20,5,25.66793489566751,"{0: 15, 1: 0, 2: 0, 3: 0, 4: 0}",1
296,False,"{'a': 0.2, 'e': 0.38104711810454983}",30,0,-26.928059386049195,"{0: 24, 1: 2, 2: 3, 3: 1, 4: 0}",1
297,False,"{'a': 0.2, 'e': 0.37723664692350434}",20,11,6.10733677964721,"{0: 8, 1: 0, 2: 1, 3: 0, 4: 0}",1
298,False,"{'a': 0.2, 'e': 0.37346428045426927}",20,4,22.793351758927418,"{0: 16, 1: 0, 2: 0, 3: 0, 4: 0}",1
299,False,"{'a': 0.2, 'e': 0.36972963764972655}",20,4,4.416830527924056,"{0: 13, 1: 2, 2: 1, 3: 0, 4: 0}",1
300,False,"{'a': 0.2, 'e': 0.36603234127322926}",35,20,17.99322700069729,"{0: 14, 1: 1, 2: 0, 3: 0, 4: 0}",1
301,False,"{'a': 0.2, 'e': 0.36237201786049694}",30,17,-7.764460114194737,"{0: 10, 1: 0, 2: 3, 3: 0, 4: 0}",1
302,False,"{'a': 0.2, 'e': 0.358748297681892}",20,7,-17.368415804921693,"{0: 12, 1: 0, 2: 0, 3: 0, 4: 1}",1
303,False,"{'a': 0.2, 'e': 0.35516081470507305}",30,0,-7.937096372371123,"{0: 27, 1: 0, 2: 2, 3: 1, 4: 0}",0
304,False,"{'a': 0.2, 'e': 0.3516092065580223}",25,18,-11.572192070947384,"{0: 5, 1: 0, 2: 2, 3: 0, 4: 0}",1
305,False,"{'a': 0.2, 'e': 0.34809311449244207}",20,0,31.92264025658952,"{0: 20, 1: 0, 2: 0, 3: 0, 4: 0}",0
306,False,"{'a': 0.2, 'e': 0.34461218334751764}",35,17,-19.778932747560148,"{0: 14, 1: 1, 2: 2, 3: 1, 4: 0}",1
307,False,"{'a': 0.2, 'e': 0.34116606151404244}",35,9,-84.04456586451465,"{0: 23, 1: 0, 2: 0, 3: 0, 4: 3}",1
308,False,"{'a': 0.2, 'e': 0.337754400898902}",20,0,12.729798753042699,"{0: 18, 1: 2, 2: 0, 3: 0, 4: 0}",0
309,False,"{'a': 0.2, 'e': 0.334376856889913}",20,8,-32.81897796605223,"{0: 10, 1: 0, 2: 1, 3: 0, 4: 1}",1
310,False,"{'a': 0.2, 'e': 0.33103308832101386}",20,4,19.229433932774135,"{0: 15, 1: 1, 2: 0, 3: 0, 4: 0}",1
311,False,"{'a': 0.2, 'e': 0.3277227574378037}",25,15,-32.1394887139837,"{0: 7, 1: 0, 2: 2, 3: 1, 4: 0}",1
312,False,"{'a': 0.2, 'e': 0.3244455298634257}",30,0,-26.013661911827395,"{0: 25, 1: 0, 2: 4, 3: 1, 4: 0}",1
313,False,"{'a': 0.2, 'e': 0.3212010745647914}",30,15,3.6793181403445847,"{0: 13, 1: 0, 2: 2, 3: 0, 4: 0}",1
314,False,"{'a': 0.2, 'e': 0.3179890638191435}",20,0,20.73370890439429,"{0: 19, 1: 1, 2: 0, 3: 0, 4: 0}",0
315,False,"{'a': 0.2, 'e': 0.31480917318095203}",20,0,-4.636657919507083,"{0: 17, 1: 0, 2: 3, 3: 0, 4: 0}",1
316,False,"{'a': 0.2, 'e': 0.3116610814491425}",25,0,-1.562650131382517,"{0: 21, 1: 1, 2: 3, 3: 0, 4: 0}",0
317,False,"{'a': 0.2, 'e': 0.30854447063465107}",25,17,19.1494114200483,"{0: 8, 1: 0, 2: 0, 3: 0, 4: 0}",1
318,False,"{'a': 0.2, 'e': 0.30545902592830454}",30,2,-52.8478065273145,"{0: 21, 1: 2, 2: 4, 3: 0, 4: 1}",1
319,False,"{'a': 0.2, 'e': 0.3024044356690215}",20,2,3.042592392737048,"{0: 15, 1: 2, 2: 1, 3: 0, 4: 0}",1
320,False,"{'a': 0.2, 'e': 0.29938039131233124}",20,4,12.785352250126646,"{0: 15, 1: 0, 2: 1, 3: 0, 4: 0}",1
321,False,"{'a': 0.2, 'e': 0.2963865873992079}",25,13,20.225389529215875,"{0: 12, 1: 0, 2: 0, 3: 0, 4: 0}",1
322,False,"{'a': 0.2, 'e': 0.29342272152521587}",20,8,1.6609045530941013,"{0: 11, 1: 0, 2: 0, 3: 1, 4: 0}",1
323,False,"{'a': 0.2, 'e': 0.2904884943099637}",20,8,-27.918358565866058,"{0: 10, 1: 1, 2: 0, 3: 0, 4: 1}",1
324,False,"{'a': 0.2, 'e': 0.28758360936686406}",20,13,10.765885543208462,"{0: 7, 1: 0, 2: 0, 3: 0, 4: 0}",1
325,False,"{'a': 0.2, 'e': 0.2847077732731954}",20,12,-9.303888306353526,"{0: 6, 1: 0, 2: 2, 3: 0, 4: 0}",1
326,False,"{'a': 0.2, 'e': 0.28186069554046345}",20,0,3.731605378091203,"{0: 18, 1: 0, 2: 2, 3: 0, 4: 0}",0
327,False,"{'a': 0.2, 'e': 0.2790420885850588}",20,4,16.59719878614036,"{0: 15, 1: 0, 2: 1, 3: 0, 4: 0}",1
328,False,"{'a': 0.2, 'e': 0.2762516676992082}",20,0,-4.828074193210576,"{0: 17, 1: 0, 2: 3, 3: 0, 4: 0}",0
329,False,"{'a': 0.2, 'e': 0.27348915102221616}",20,2,-25.327485968636967,"{0: 16, 1: 0, 2: 1, 3: 0, 4: 1}",1
330,False,"{'a': 0.2, 'e': 0.270754259511994}",20,3,21.70040575195687,"{0: 16, 1: 1, 2: 0, 3: 0, 4: 0}",1
331,False,"{'a': 0.2, 'e': 0.26804671691687404}",20,8,2.712749315041418,"{0: 11, 1: 0, 2: 0, 3: 1, 4: 0}",1
332,False,"{'a': 0.2, 'e': 0.2653662497477053}",30,15,17.06732080071057,"{0: 14, 1: 0, 2: 1, 3: 0, 4: 0}",1
333,False,"{'a': 0.2, 'e': 0.2627125872502282}",25,15,-11.569485164528258,"{0: 7, 1: 1, 2: 2, 3: 0, 4: 0}",1
334,False,"{'a': 0.2, 'e': 0.2600854613777259}",30,0,-59.72522849333616,"{0: 22, 1: 2, 2: 4, 3: 2, 4: 0}",0
335,False,"{'a': 0.2, 'e': 0.2574846067639487}",25,3,-3.643467937107702,"{0: 18, 1: 1, 2: 3, 3: 0, 4: 0}",1
336,False,"{'a': 0.2, 'e': 0.2549097606963092}",20,0,-63.190475460901624,"{0: 17, 1: 0, 2: 1, 3: 0, 4: 2}",0
337,False,"{'a': 0.2, 'e': 0.2523606630893461}",25,2,1.0339901903280904,"{0: 20, 1: 1, 2: 1, 3: 1, 4: 0}",1
338,False,"{'a': 0.2, 'e': 0.24983705645845267}",35,19,22.719925777445308,"{0: 15, 1: 1, 2: 0, 3: 0, 4: 0}",1
339,False,"{'a': 0.2, 'e': 0.24733868589386815}",20,5,1.0041624405558218,"{0: 13, 1: 0, 2: 2, 3: 0, 4: 0}",1
340,False,"{'a': 0.2, 'e': 0.24486529903492946}",20,7,6.396444534522562,"{0: 12, 1: 0, 2: 1, 3: 0, 4: 0}",1
341,False,"{'a': 0.2, 'e': 0.24241664604458016}",25,1,-19.341695338296258,"{0: 22, 1: 0, 2: 1, 3: 0, 4: 1}",1
342,False,"{'a': 0.2, 'e': 0.23999247958413436}",20,6,17.777946165615234,"{0: 13, 1: 0, 2: 1, 3: 0, 4: 0}",1
343,False,"{'a': 0.2, 'e': 0.23759255478829303}",30,20,20.08506669179875,"{0: 10, 1: 0, 2: 0, 3: 0, 4: 0}",1
344,False,"{'a': 0.2, 'e': 0.2352166292404101}",20,4,1.2765360809923416,"{0: 14, 1: 0, 2: 2, 3: 0, 4: 0}",1
345,False,"{'a': 0.2, 'e': 0.232864462948006}",20,0,-51.22246477147186,"{0: 15, 1: 1, 2: 3, 3: 0, 4: 1}",0
346,False,"{'a': 0.2, 'e': 0.23053581831852593}",30,12,-8.38168581160242,"{0: 15, 1: 1, 2: 1, 3: 1, 4: 0}",1
347,False,"{'a': 0.2, 'e': 0.22823046013534068}",25,0,16.144244107223003,"{0: 23, 1: 0, 2: 2, 3: 0, 4: 0}",0
348,False,"{'a': 0.2, 'e': 0.22594815553398728}",20,16,6.833900700795088,"{0: 4, 1: 0, 2: 0, 3: 0, 4: 0}",1
349,False,"{'a': 0.2, 'e': 0.22368867397864742}",30,10,20.889957605714596,"{0: 18, 1: 0, 2: 2, 3: 0, 4: 0}",1
350,False,"{'a': 0.2, 'e': 0.22145178723886094}",20,13,-14.67808927264023,"{0: 5, 1: 1, 2: 0, 3: 1, 4: 0}",1
351,False,"{'a': 0.2, 'e': 0.21923726936647234}",25,11,22.73254493239086,"{0: 14, 1: 0, 2: 0, 3: 0, 4: 0}",1
352,False,"{'a': 0.2, 'e': 0.2170448966728076}",30,16,24.889246866872092,"{0: 14, 1: 0, 2: 0, 3: 0, 4: 0}",1
353,False,"{'a': 0.2, 'e': 0.21487444770607952}",20,9,18.607546858126412,"{0: 11, 1: 0, 2: 0, 3: 0, 4: 0}",1
354,False,"{'a': 0.2, 'e': 0.21272570322901874}",25,14,6.780393084366661,"{0: 10, 1: 0, 2: 1, 3: 0, 4: 0}",1
355,False,"{'a': 0.2, 'e': 0.21059844619672854}",30,16,15.01739231989654,"{0: 13, 1: 0, 2: 1, 3: 0, 4: 0}",1
356,False,"{'a': 0.2, 'e': 0.20849246173476127}",25,6,10.538299823881246,"{0: 18, 1: 0, 2: 0, 3: 1, 4: 0}",1
357,False,"{'a': 0.2, 'e': 0.20640753711741366}",20,11,-29.26389375632186,"{0: 6, 1: 0, 2: 2, 3: 1, 4: 0}",1
358,False,"{'a': 0.2, 'e': 0.20434346174623952}",25,0,-27.629527789071634,"{0: 22, 1: 0, 2: 2, 3: 0, 4: 1}",0
359,False,"{'a': 0.2, 'e': 0.20230002712877712}",20,6,-15.258903707509301,"{0: 10, 1: 2, 2: 2, 3: 0, 4: 0}",1
360,False,"{'a': 0.2, 'e': 0.20027702685748935}",30,22,2.2651257320226827,"{0: 7, 1: 0, 2: 1, 3: 0, 4: 0}",1
361,False,"{'a': 0.2, 'e': 0.19827425658891445}",30,0,8.181650837527382,"{0: 28, 1: 0, 2: 1, 3: 1, 4: 0}",0
362,False,"{'a': 0.2, 'e': 0.1962915140230253}",30,3,19.397567361845294,"{0: 25, 1: 0, 2: 2, 3: 0, 4: 0}",1
363,False,"{'a': 0.2, 'e': 0.19432859888279505}",35,1,-0.4970711421715859,"{0: 31, 1: 1, 2: 1, 3: 0, 4: 1}",1
364,False,"{'a': 0.2, 'e': 0.1923853128939671}",25,2,11.310073142117892,"{0: 21, 1: 0, 2: 2, 3: 0, 4: 0}",1
365,False,"{'a': 0.2, 'e': 0.19046145976502743}",25,17,9.462478931373738,"{0: 7, 1: 1, 2: 0, 3: 0, 4: 0}",1
366,False,"{'a': 0.2, 'e': 0.18855684516737714}",30,9,17.372412053473308,"{0: 20, 1: 0, 2: 0, 3: 1, 4: 0}",1
367,False,"{'a': 0.2, 'e': 0.18667127671570335}",30,4,21.282802583489463,"{0: 25, 1: 0, 2: 0, 3: 1, 4: 0}",1
368,False,"{'a': 0.2, 'e': 0.18480456394854633}",25,0,10.51704514910036,"{0: 23, 1: 0, 2: 2, 3: 0, 4: 0}",0
369,False,"{'a': 0.2, 'e': 0.18295651830906087}",30,16,23.382563225750214,"{0: 14, 1: 0, 2: 0, 3: 0, 4: 0}",1
370,False,"{'a': 0.2, 'e': 0.18112695312597027}",20,2,18.22012732601773,"{0: 17, 1: 0, 2: 1, 3: 0, 4: 0}",1
371,False,"{'a': 0.2, 'e': 0.17931568359471056}",20,12,16.63681757261336,"{0: 8, 1: 0, 2: 0, 3: 0, 4: 0}",1
372,False,"{'a': 0.2, 'e': 0.17752252675876345}",20,15,6.718646201920792,"{0: 5, 1: 0, 2: 0, 3: 0, 4: 0}",1
373,False,"{'a': 0.2, 'e': 0.17574730149117582}",20,9,8.778022060566407,"{0: 10, 1: 1, 2: 0, 3: 0, 4: 0}",1
374,False,"{'a': 0.2, 'e': 0.17398982847626407}",25,7,-20.57836122786318,"{0: 16, 1: 0, 2: 1, 3: 0, 4: 1}",1
375,False,"{'a': 0.2, 'e': 0.17224993019150142}",20,8,-0.5354480911935389,"{0: 10, 1: 0, 2: 2, 3: 0, 4: 0}",1
376,False,"{'a': 0.2, 'e': 0.1705274308895864}",25,5,32.61723461369864,"{0: 20, 1: 0, 2: 0, 3: 0, 4: 0}",1
377,False,"{'a': 0.2, 'e': 0.16882215658069055}",30,18,25.145939797901544,"{0: 12, 1: 0, 2: 0, 3: 0, 4: 0}",1
378,False,"{'a': 0.2, 'e': 0.16713393501488363}",25,10,-9.374509642444023,"{0: 14, 1: 0, 2: 0, 3: 0, 4: 1}",1
379,False,"{'a': 0.2, 'e': 0.16546259566473479}",20,6,16.288534043502345,"{0: 13, 1: 0, 2: 1, 3: 0, 4: 0}",1
380,False,"{'a': 0.2, 'e': 0.16380796970808745}",25,17,-28.99677871275662,"{0: 7, 1: 0, 2: 0, 3: 0, 4: 1}",1
381,False,"{'a': 0.2, 'e': 0.16216989001100657}",25,8,30.193039438468062,"{0: 17, 1: 0, 2: 0, 3: 0, 4: 0}",1
382,False,"{'a': 0.2, 'e': 0.1605481911108965}",20,12,3.884625242559646,"{0: 7, 1: 0, 2: 1, 3: 0, 4: 0}",1
383,False,"{'a': 0.2, 'e': 0.15894270919978754}",20,6,22.063849301932283,"{0: 14, 1: 0, 2: 0, 3: 0, 4: 0}",1
384,False,"{'a': 0.2, 'e': 0.15735328210778965}",25,15,11.567068498188362,"{0: 9, 1: 1, 2: 0, 3: 0, 4: 0}",1
385,False,"{'a': 0.2, 'e': 0.15577974928671176}",20,0,11.492138190008674,"{0: 18, 1: 1, 2: 1, 3: 0, 4: 0}",0
386,False,"{'a': 0.2, 'e': 0.15422195179384465}",30,15,28.48395601000166,"{0: 15, 1: 0, 2: 0, 3: 0, 4: 0}",1
387,False,"{'a': 0.2, 'e': 0.1526797322759062}",25,10,15.410982530390251,"{0: 13, 1: 2, 2: 0, 3: 0, 4: 0}",1
388,False,"{'a': 0.2, 'e': 0.15115293495314713}",25,3,36.61442818611196,"{0: 22, 1: 0, 2: 0, 3: 0, 4: 0}",1
389,False,"{'a': 0.2, 'e': 0.14964140560361566}",25,9,4.36341727741871,"{0: 14, 1: 0, 2: 2, 3: 0, 4: 0}",1
390,False,"{'a': 0.2, 'e': 0.1481449915475795}",35,5,36.98033932502702,"{0: 29, 1: 1, 2: 0, 3: 0, 4: 0}",1
391,False,"{'a': 0.2, 'e': 0.1466635416321037}",25,9,24.360860886686535,"{0: 15, 1: 1, 2: 0, 3: 0, 4: 0}",1
392,False,"{'a': 0.2, 'e': 0.14519690621578268}",20,6,15.417281444141528,"{0: 13, 1: 1, 2: 0, 3: 0, 4: 0}",1
393,False,"{'a': 0.2, 'e': 0.14374493715362485}",35,12,45.19665117883082,"{0: 23, 1: 0, 2: 0, 3: 0, 4: 0}",1
394,False,"{'a': 0.2, 'e': 0.1423074877820886}",30,10,34.628263020261016,"{0: 20, 1: 0, 2: 0, 3: 0, 4: 0}",1
395,False,"{'a': 0.2, 'e': 0.1408844129042677}",25,8,29.19017422878557,"{0: 17, 1: 0, 2: 0, 3: 0, 4: 0}",1
396,False,"{'a': 0.2, 'e': 0.13947556877522502}",25,14,-22.987405573158746,"{0: 9, 1: 0, 2: 0, 3: 2, 4: 0}",1
397,False,"{'a': 0.2, 'e': 0.13808081308747278}",25,8,15.851856170813058,"{0: 15, 1: 1, 2: 1, 3: 0, 4: 0}",1
398,False,"{'a': 0.2, 'e': 0.13670000495659804}",20,4,-14.190212296360244,"{0: 15, 1: 0, 2: 0, 3: 0, 4: 1}",1
399,False,"{'a': 0.2, 'e': 0.13533300490703207}",25,19,10.825651341168129,"{0: 6, 1: 0, 2: 0, 3: 0, 4: 0}",1
400,False,"{'a': 0.2, 'e': 0.13397967485796175}",20,10,6.957044263871014,"{0: 9, 1: 0, 2: 1, 3: 0, 4: 0}",1
401,False,"{'a': 0.2, 'e': 0.13263987810938213}",20,14,10.188684108931998,"{0: 6, 1: 0, 2: 0, 3: 0, 4: 0}",1
402,False,"{'a': 0.2, 'e': 0.1313134793282883}",25,15,6.382514021993997,"{0: 9, 1: 0, 2: 1, 3: 0, 4: 0}",1
403,False,"{'a': 0.2, 'e': 0.13000034453500542}",20,10,7.773309338579442,"{0: 9, 1: 0, 2: 1, 3: 0, 4: 0}",1
404,False,"{'a': 0.2, 'e': 0.12870034108965536}",25,11,13.848663800324966,"{0: 13, 1: 0, 2: 1, 3: 0, 4: 0}",1
405,False,"{'a': 0.2, 'e': 0.12741333767875881}",20,16,7.100605106987869,"{0: 4, 1: 0, 2: 0, 3: 0, 4: 0}",1
406,False,"{'a': 0.2, 'e': 0.12613920430197123}",25,7,35.256490975464935,"{0: 18, 1: 0, 2: 0, 3: 0, 4: 0}",1
407,False,"{'a': 0.2, 'e': 0.12487781225895152}",30,3,40.14288094708538,"{0: 27, 1: 0, 2: 0, 3: 0, 4: 0}",1
408,False,"{'a': 0.2, 'e': 0.123629034136362}",25,15,10.426806689108588,"{0: 9, 1: 0, 2: 1, 3: 0, 4: 0}",1
409,False,"{'a': 0.2, 'e': 0.12239274379499838}",20,0,-2.008762259685187,"{0: 18, 1: 0, 2: 1, 3: 1, 4: 0}",0
410,False,"{'a': 0.2, 'e': 0.1211688163570484}",20,16,8.365880733192963,"{0: 4, 1: 0, 2: 0, 3: 0, 4: 0}",1
411,False,"{'a': 0.2, 'e': 0.11995712819347792}",30,1,-35.90531266062808,"{0: 25, 1: 0, 2: 3, 3: 0, 4: 1}",1
412,False,"{'a': 0.2, 'e': 0.11875755691154315}",25,11,16.00144542501835,"{0: 13, 1: 0, 2: 1, 3: 0, 4: 0}",1
413,False,"{'a': 0.2, 'e': 0.11756998134242772}",25,12,23.838637490489226,"{0: 13, 1: 0, 2: 0, 3: 0, 4: 0}",1
414,False,"{'a': 0.2, 'e': 0.11639428152900344}",30,16,0.5768079098701846,"{0: 13, 1: 0, 2: 0, 3: 1, 4: 0}",1
415,False,"{'a': 0.2, 'e': 0.11523033871371341}",25,11,25.032038847410764,"{0: 14, 1: 0, 2: 0, 3: 0, 4: 0}",1
416,False,"{'a': 0.2, 'e': 0.11407803532657627}",20,14,-41.390586012234515,"{0: 4, 1: 0, 2: 1, 3: 0, 4: 1}",1
417,False,"{'a': 0.2, 'e': 0.11293725497331052}",20,13,14.610653773701339,"{0: 7, 1: 0, 2: 0, 3: 0, 4: 0}",1
418,False,"{'a': 0.2, 'e': 0.1118078824235774}",20,5,26.304076870637974,"{0: 15, 1: 0, 2: 0, 3: 0, 4: 0}",1
419,False,"{'a': 0.2, 'e': 0.11068980359934164}",20,3,28.937551586972365,"{0: 17, 1: 0, 2: 0, 3: 0, 4: 0}",1
420,False,"{'a': 0.2, 'e': 0.10958290556334822}",25,11,9.650005695009451,"{0: 13, 1: 0, 2: 1, 3: 0, 4: 0}",1
421,False,"{'a': 0.2, 'e': 0.10848707650771475}",25,8,24.75331895005222,"{0: 17, 1: 0, 2: 0, 3: 0, 4: 0}",1
422,False,"{'a': 0.2, 'e': 0.1074022057426376}",25,14,20.221329663451982,"{0: 11, 1: 0, 2: 0, 3: 0, 4: 0}",1
423,False,"{'a': 0.2, 'e': 0.10632818368521123}",30,17,24.42578093563832,"{0: 13, 1: 0, 2: 0, 3: 0, 4: 0}",1
424,False,"{'a': 0.2, 'e': 0.10526490184835911}",30,11,19.1036193931378,"{0: 17, 1: 1, 2: 1, 3: 0, 4: 0}",1
425,False,"{'a': 0.2, 'e': 0.10421225282987552}",25,0,39.366122212278555,"{0: 25, 1: 0, 2: 0, 3: 0, 4: 0}",0
426,False,"{'a': 0.2, 'e': 0.10317013030157676}",25,12,8.625067220175803,"{0: 12, 1: 0, 2: 1, 3: 0, 4: 0}",1
427,False,"{'a': 0.2, 'e': 0.10213842899856099}",30,18,-19.454218594222176,"{0: 11, 1: 0, 2: 0, 3: 0, 4: 1}",1
428,False,"{'a': 0.2, 'e': 0.10111704470857538}",20,2,18.715897244528605,"{0: 17, 1: 0, 2: 1, 3: 0, 4: 0}",1
429,False,"{'a': 0.2, 'e': 0.10010587426148963}",20,10,18.045284218609968,"{0: 10, 1: 0, 2: 0, 3: 0, 4: 0}",1
430,False,"{'a': 0.2, 'e': 0.09910481551887473}",25,4,32.412355492051404,"{0: 21, 1: 0, 2: 0, 3: 0, 4: 0}",1
431,False,"{'a': 0.2, 'e': 0.09811376736368599}",20,12,13.895687505937858,"{0: 8, 1: 0, 2: 0, 3: 0, 4: 0}",1
432,False,"{'a': 0.2, 'e': 0.09713262969004913}",20,6,15.052001725988255,"{0: 13, 1: 0, 2: 1, 3: 0, 4: 0}",1
433,False,"{'a': 0.2, 'e': 0.09616130339314863}",20,9,18.263442969048107,"{0: 11, 1: 0, 2: 0, 3: 0, 4: 0}",1
434,False,"{'a': 0.2, 'e': 0.09519969035921715}",20,9,9.693544784019888,"{0: 10, 1: 0, 2: 1, 3: 0, 4: 0}",1
435,False,"{'a': 0.2, 'e': 0.09424769345562498}",20,3,10.362356354521024,"{0: 16, 1: 0, 2: 0, 3: 1, 4: 0}",1
436,False,"{'a': 0.2, 'e': 0.09330521652106873}",20,12,5.391142595600401,"{0: 7, 1: 0, 2: 1, 3: 0, 4: 0}",1
437,False,"{'a': 0.2, 'e': 0.09237216435585804}",25,13,18.684239931133536,"{0: 12, 1: 0, 2: 0, 3: 0, 4: 0}",1
438,False,"{'a': 0.2, 'e': 0.09144844271229946}",20,15,9.543595036692953,"{0: 5, 1: 0, 2: 0, 3: 0, 4: 0}",1
439,False,"{'a': 0.2, 'e': 0.09053395828517646}",20,6,-19.871861612359176,"{0: 13, 1: 0, 2: 0, 3: 0, 4: 1}",1
440,False,"{'a': 0.2, 'e': 0.08962861870232469}",30,6,34.82425989855651,"{0: 23, 1: 0, 2: 1, 3: 0, 4: 0}",1
441,False,"{'a': 0.2, 'e': 0.08873233251530144}",20,0,-33.17291976692032,"{0: 17, 1: 0, 2: 2, 3: 0, 4: 1}",0
442,False,"{'a': 0.2, 'e': 0.08784500919014843}",25,6,27.70975872096109,"{0: 19, 1: 0, 2: 0, 3: 0, 4: 0}",1
443,False,"{'a': 0.2, 'e': 0.08696655909824694}",20,0,31.287162280685063,"{0: 20, 1: 0, 2: 0, 3: 0, 4: 0}",1
444,False,"{'a': 0.2, 'e': 0.08609689350726446}",25,1,28.75537926108877,"{0: 23, 1: 1, 2: 0, 3: 0, 4: 0}",1
445,False,"{'a': 0.2, 'e': 0.08523592457219181}",35,27,14.159304357186711,"{0: 8, 1: 0, 2: 0, 3: 0, 4: 0}",1
446,False,"{'a': 0.2, 'e': 0.0843835653264699}",35,10,29.92375371659748,"{0: 24, 1: 1, 2: 0, 3: 0, 4: 0}",1
447,False,"{'a': 0.2, 'e': 0.0835397296732052}",20,12,13.710863700221646,"{0: 8, 1: 0, 2: 0, 3: 0, 4: 0}",1
448,False,"{'a': 0.2, 'e': 0.08270433237647315}",20,16,8.014802166768929,"{0: 4, 1: 0, 2: 0, 3: 0, 4: 0}",1
449,False,"{'a': 0.2, 'e': 0.08187728905270841}",30,5,-24.42736980685144,"{0: 23, 1: 0, 2: 0, 3: 1, 4: 1}",1
450,False,"{'a': 0.2, 'e': 0.08105851616218133}",25,0,38.14861484294453,"{0: 25, 1: 0, 2: 0, 3: 0, 4: 0}",0
451,False,"{'a': 0.2, 'e': 0.08024793100055952}",20,2,29.237051838652977,"{0: 18, 1: 0, 2: 0, 3: 0, 4: 0}",1
452,False,"{'a': 0.2, 'e': 0.07944545169055392}",30,8,15.110003937266134,"{0: 21, 1: 0, 2: 0, 3: 1, 4: 0}",1
453,False,"{'a': 0.2, 'e': 0.07865099717364837}",20,8,21.316661192896298,"{0: 12, 1: 0, 2: 0, 3: 0, 4: 0}",1
454,False,"{'a': 0.2, 'e': 0.07786448720191189}",30,12,34.0594081871958,"{0: 18, 1: 0, 2: 0, 3: 0, 4: 0}",1
455,False,"{'a': 0.2, 'e': 0.07708584232989277}",25,20,9.709115574233724,"{0: 5, 1: 0, 2: 0, 3: 0, 4: 0}",1
456,False,"{'a': 0.2, 'e': 0.07631498390659384}",25,8,9.550944157633785,"{0: 15, 1: 0, 2: 2, 3: 0, 4: 0}",1
457,False,"{'a': 0.2, 'e': 0.07555183406752791}",20,6,23.849737186060942,"{0: 14, 1: 0, 2: 0, 3: 0, 4: 0}",1
458,False,"{'a': 0.2, 'e': 0.07479631572685264}",20,10,23.459065770667728,"{0: 10, 1: 0, 2: 0, 3: 0, 4: 0}",1
459,False,"{'a': 0.2, 'e': 0.07404835256958411}",25,19,12.412103432839316,"{0: 6, 1: 0, 2: 0, 3: 0, 4: 0}",1
460,False,"{'a': 0.2, 'e': 0.07330786904388827}",25,7,29.72631121100495,"{0: 18, 1: 0, 2: 0, 3: 0, 4: 0}",1
461,False,"{'a': 0.2, 'e': 0.07257479035344938}",25,13,20.81448698307071,"{0: 12, 1: 0, 2: 0, 3: 0, 4: 0}",1
462,False,"{'a': 0.2, 'e': 0.07184904244991488}",30,16,29.717115365780117,"{0: 14, 1: 0, 2: 0, 3: 0, 4: 0}",1
463,False,"{'a': 0.2, 'e': 0.07113055202541574}",20,3,32.5045547814193,"{0: 17, 1: 0, 2: 0, 3: 0, 4: 0}",1
464,False,"{'a': 0.2, 'e': 0.07041924650516158}",25,18,16.620089698805018,"{0: 7, 1: 0, 2: 0, 3: 0, 4: 0}",1
465,False,"{'a': 0.2, 'e': 0.06971505404010997}",25,11,14.189485439048946,"{0: 13, 1: 1, 2: 0, 3: 0, 4: 0}",1
466,False,"{'a': 0.2, 'e': 0.06901790349970886}",25,13,13.819643267622048,"{0: 11, 1: 1, 2: 0, 3: 0, 4: 0}",1
467,False,"{'a': 0.2, 'e': 0.06832772446471178}",25,11,16.485976221359273,"{0: 13, 1: 1, 2: 0, 3: 0, 4: 0}",1
468,False,"{'a': 0.2, 'e': 0.06764444722006466}",25,12,24.491134655803275,"{0: 13, 1: 0, 2: 0, 3: 0, 4: 0}",1
469,False,"{'a': 0.2, 'e': 0.066968002747864}",25,15,17.643511497479768,"{0: 10, 1: 0, 2: 0, 3: 0, 4: 0}",1
470,False,"{'a': 0.2, 'e': 0.06629832272038537}",25,11,23.843971903875808,"{0: 14, 1: 0, 2: 0, 3: 0, 4: 0}",1
471,False,"{'a': 0.2, 'e': 0.06563533949318151}",20,11,18.25350444137579,"{0: 9, 1: 0, 2: 0, 3: 0, 4: 0}",1
472,False,"{'a': 0.2, 'e': 0.06497898609824969}",30,12,13.70728950116155,"{0: 16, 1: 1, 2: 1, 3: 0, 4: 0}",1
473,False,"{'a': 0.2, 'e': 0.0643291962372672}",20,13,2.958644625854478,"{0: 6, 1: 0, 2: 1, 3: 0, 4: 0}",1
474,False,"{'a': 0.2, 'e': 0.06368590427489453}",30,11,21.74632114314835,"{0: 18, 1: 0, 2: 1, 3: 0, 4: 0}",1
475,False,"{'a': 0.2, 'e': 0.06304904523214558}",25,19,11.920515146875644,"{0: 6, 1: 0, 2: 0, 3: 0, 4: 0}",1
476,False,"{'a': 0.2, 'e': 0.06241855477982412}",30,12,33.72645518775441,"{0: 18, 1: 0, 2: 0, 3: 0, 4: 0}",1
477,False,"{'a': 0.2, 'e': 0.06179436923202588}",25,6,36.16052070996703,"{0: 19, 1: 0, 2: 0, 3: 0, 4: 0}",1
478,False,"{'a': 0.2, 'e': 0.06117642553970562}",30,17,26.343438167112975,"{0: 13, 1: 0, 2: 0, 3: 0, 4: 0}",1
479,False,"{'a': 0.2, 'e': 0.06056466128430856}",30,12,29.91754725759876,"{0: 18, 1: 0, 2: 0, 3: 0, 4: 0}",1
480,False,"{'a': 0.2, 'e': 0.05995901467146548}",20,9,20.68945899601879,"{0: 11, 1: 0, 2: 0, 3: 0, 4: 0}",1
481,False,"{'a': 0.2, 'e': 0.05935942452475082}",25,14,20.749490961935756,"{0: 11, 1: 0, 2: 0, 3: 0, 4: 0}",1
482,False,"{'a': 0.2, 'e': 0.058765830279503314}",20,8,26.340222642671826,"{0: 12, 1: 0, 2: 0, 3: 0, 4: 0}",1
483,False,"{'a': 0.2, 'e': 0.05817817197670828}",20,6,26.574751288587876,"{0: 14, 1: 0, 2: 0, 3: 0, 4: 0}",1
484,False,"{'a': 0.2, 'e': 0.057596390256941195}",20,13,2.3904962716402465,"{0: 6, 1: 0, 2: 1, 3: 0, 4: 0}",1
485,False,"{'a': 0.2, 'e': 0.05702042635437178}",25,13,22.603341011041024,"{0: 12, 1: 0, 2: 0, 3: 0, 4: 0}",1
486,False,"{'a': 0.2, 'e': 0.05645022209082806}",25,17,14.688177110559465,"{0: 8, 1: 0, 2: 0, 3: 0, 4: 0}",1
487,False,"{'a': 0.2, 'e': 0.05588571986991978}",20,0,30.575658219757365,"{0: 20, 1: 0, 2: 0, 3: 0, 4: 0}",1
488,False,"{'a': 0.2, 'e': 0.055326862671220584}",30,20,15.043868744111636,"{0: 10, 1: 0, 2: 0, 3: 0, 4: 0}",1
489,False,"{'a': 0.2, 'e': 0.05477359404450838}",25,13,3.919099801536078,"{0: 11, 1: 0, 2: 1, 3: 0, 4: 0}",1
490,False,"{'a': 0.2, 'e': 0.054225858104063294}",20,10,18.636462252675088,"{0: 10, 1: 0, 2: 0, 3: 0, 4: 0}",1
491,False,"{'a': 0.2, 'e': 0.05368359952302266}",25,14,9.180416060573382,"{0: 10, 1: 1, 2: 0, 3: 0, 4: 0}",1
492,False,"{'a': 0.2, 'e': 0.053146763527792434}",20,10,22.555068786996628,"{0: 10, 1: 0, 2: 0, 3: 0, 4: 0}",1
493,False,"{'a': 0.2, 'e': 0.052615295892514506}",20,5,5.153664468150675,"{0: 13, 1: 1, 2: 1, 3: 0, 4: 0}",1
494,False,"{'a': 0.2, 'e': 0.052089142933589364}",25,8,30.518644747314642,"{0: 17, 1: 0, 2: 0, 3: 0, 4: 0}",1
495,False,"{'a': 0.2, 'e': 0.05156825150425347}",20,3,19.88612626935966,"{0: 16, 1: 1, 2: 0, 3: 0, 4: 0}",1
496,False,"{'a': 0.2, 'e': 0.051052568989210935}",25,11,26.54588074593309,"{0: 14, 1: 0, 2: 0, 3: 0, 4: 0}",1
497,False,"{'a': 0.2, 'e': 0.05054204329931883}",20,11,18.234505027349297,"{0: 9, 1: 0, 2: 0, 3: 0, 4: 0}",1
498,False,"{'a': 0.2, 'e': 0.05003662286632564}",25,15,17.674051586655995,"{0: 10, 1: 0, 2: 0, 3: 0, 4: 0}",1
499,False,"{'a': 0.2, 'e': 0.04953625663766238}",30,19,18.87725415946783,"{0: 11, 1: 0, 2: 0, 3: 0, 4: 0}",1
500,False,"{'a': 0.2, 'e': 0.04904089407128576}",20,11,15.487795561179986,"{0: 9, 1: 0, 2: 0, 3: 0, 4: 0}",1
501,False,"{'a': 0.2, 'e': 0.0485504851305729}",20,12,15.079285574510713,"{0: 8, 1: 0, 2: 0, 3: 0, 4: 0}",1
502,False,"{'a': 0.2, 'e': 0.048064980279267165}",20,0,-25.106351752496323,"{0: 18, 1: 0, 2: 1, 3: 0, 4: 1}",0
503,False,"{'a': 0.2, 'e': 0.04758433047647449}",25,10,16.563062494553822,"{0: 14, 1: 0, 2: 1, 3: 0, 4: 0}",1
504,False,"{'a': 0.2, 'e': 0.04710848717170975}",30,0,27.766097092281456,"{0: 29, 1: 0, 2: 1, 3: 0, 4: 0}",0
505,False,"{'a': 0.2, 'e': 0.04663740229999265}",20,9,19.502334871160915,"{0: 11, 1: 0, 2: 0, 3: 0, 4: 0}",1
506,False,"{'a': 0.2, 'e': 0.04617102827699272}",20,12,15.095901280741543,"{0: 8, 1: 0, 2: 0, 3: 0, 4: 0}",1
507,False,"{'a': 0.2, 'e': 0.045709317994222794}",20,8,20.771948534020463,"{0: 12, 1: 0, 2: 0, 3: 0, 4: 0}",1
508,False,"{'a': 0.2, 'e': 0.04525222481428057}",25,13,21.535013366137576,"{0: 12, 1: 0, 2: 0, 3: 0, 4: 0}",1
509,False,"{'a': 0.2, 'e': 0.04479970256613776}",25,12,4.389153189055949,"{0: 12, 1: 0, 2: 0, 3: 1, 4: 0}",1
510,False,"{'a': 0.2, 'e': 0.04435170554047638}",30,8,39.469236917868855,"{0: 22, 1: 0, 2: 0, 3: 0, 4: 0}",1
511,False,"{'a': 0.2, 'e': 0.043908188485071616}",20,13,11.134736616606887,"{0: 7, 1: 0, 2: 0, 3: 0, 4: 0}",1
512,False,"{'a': 0.2, 'e': 0.0434691066002209}",30,17,23.81464848357929,"{0: 13, 1: 0, 2: 0, 3: 0, 4: 0}",1
513,False,"{'a': 0.2, 'e': 0.04303441553421869}",30,13,15.811095408152358,"{0: 16, 1: 0, 2: 1, 3: 0, 4: 0}",1
514,False,"{'a': 0.2, 'e': 0.0426040713788765}",20,5,24.016018413933768,"{0: 15, 1: 0, 2: 0, 3: 0, 4: 0}",1
515,False,"{'a': 0.2, 'e': 0.04217803066508773}",20,5,25.755504100839293,"{0: 15, 1: 0, 2: 0, 3: 0, 4: 0}",1
516,False,"{'a': 0.2, 'e': 0.04175625035843686}",25,7,32.000108025601364,"{0: 18, 1: 0, 2: 0, 3: 0, 4: 0}",1
517,False,"{'a': 0.2, 'e': 0.041338687854852486}",30,12,-11.059822655505965,"{0: 17, 1: 0, 2: 0, 3: 0, 4: 1}",1
518,False,"{'a': 0.2, 'e': 0.04092530097630396}",35,26,17.14777020926802,"{0: 9, 1: 0, 2: 0, 3: 0, 4: 0}",1
519,False,"{'a': 0.2, 'e': 0.040516047966540916}",25,13,20.382408452888463,"{0: 12, 1: 0, 2: 0, 3: 0, 4: 0}",1
520,False,"{'a': 0.2, 'e': 0.04011088748687551}",20,11,17.8269419035975,"{0: 9, 1: 0, 2: 0, 3: 0, 4: 0}",1
521,False,"{'a': 0.2, 'e': 0.03970977861200675}",20,11,7.831204410161675,"{0: 8, 1: 0, 2: 1, 3: 0, 4: 0}",1
522,False,"{'a': 0.2, 'e': 0.03931268082588668}",25,11,28.048052941711283,"{0: 14, 1: 0, 2: 0, 3: 0, 4: 0}",1
523,False,"{'a': 0.2, 'e': 0.03891955401762781}",20,14,11.64992199741599,"{0: 6, 1: 0, 2: 0, 3: 0, 4: 0}",1
524,False,"{'a': 0.2, 'e': 0.03853035847745153}",20,16,5.965350467043623,"{0: 4, 1: 0, 2: 0, 3: 0, 4: 0}",1
525,False,"{'a': 0.2, 'e': 0.03814505489267701}",20,12,12.180795124078083,"{0: 8, 1: 0, 2: 0, 3: 0, 4: 0}",1
526,False,"{'a': 0.2, 'e': 0.03776360434375024}",35,16,32.70930087848526,"{0: 19, 1: 0, 2: 0, 3: 0, 4: 0}",1
527,False,"{'a': 0.2, 'e': 0.03738596830031274}",20,8,7.685776470546918,"{0: 11, 1: 0, 2: 1, 3: 0, 4: 0}",1
528,False,"{'a': 0.2, 'e': 0.03701210861730961}",20,4,-14.073052295273081,"{0: 15, 1: 0, 2: 0, 3: 0, 4: 1}",1
529,False,"{'a': 0.2, 'e': 0.03664198753113651}",25,11,13.298566963514478,"{0: 13, 1: 0, 2: 1, 3: 0, 4: 0}",1
530,False,"{'a': 0.2, 'e': 0.036275567655825146}",25,8,31.382222573215454,"{0: 17, 1: 0, 2: 0, 3: 0, 4: 0}",1
531,False,"{'a': 0.2, 'e': 0.03591281197926689}",30,13,33.713636174525206,"{0: 17, 1: 0, 2: 0, 3: 0, 4: 0}",1
532,False,"{'a': 0.2, 'e': 0.035553683859474224}",30,2,45.28730767504381,"{0: 28, 1: 0, 2: 0, 3: 0, 4: 0}",1
533,False,"{'a': 0.2, 'e': 0.03519814702087948}",20,16,8.478693090939895,"{0: 4, 1: 0, 2: 0, 3: 0, 4: 0}",1
534,False,"{'a': 0.2, 'e': 0.03484616555067068}",25,1,35.11508384490351,"{0: 24, 1: 0, 2: 0, 3: 0, 4: 0}",1
535,False,"{'a': 0.2, 'e': 0.034497703895163975}",30,8,40.22986491449586,"{0: 22, 1: 0, 2: 0, 3: 0, 4: 0}",1
536,False,"{'a': 0.2, 'e': 0.03415272685621234}",20,15,6.8872279217801236,"{0: 5, 1: 0, 2: 0, 3: 0, 4: 0}",1
537,False,"{'a': 0.2, 'e': 0.03381119958765021}",20,7,25.59362660294549,"{0: 13, 1: 0, 2: 0, 3: 0, 4: 0}",1
538,False,"{'a': 0.2, 'e': 0.03347308759177371}",20,12,16.718316774198637,"{0: 8, 1: 0, 2: 0, 3: 0, 4: 0}",1
539,False,"{'a': 0.2, 'e': 0.03313835671585597}",20,12,16.280640738025593,"{0: 8, 1: 0, 2: 0, 3: 0, 4: 0}",1
540,False,"{'a': 0.2, 'e': 0.03280697314869741}",20,1,33.83766647328374,"{0: 19, 1: 0, 2: 0, 3: 0, 4: 0}",1
541,False,"{'a': 0.2, 'e': 0.032478903417210436}",25,4,31.91825864128958,"{0: 21, 1: 0, 2: 0, 3: 0, 4: 0}",1
542,False,"{'a': 0.2, 'e': 0.032154114383038335}",20,5,24.667063446781224,"{0: 15, 1: 0, 2: 0, 3: 0, 4: 0}",1
543,False,"{'a': 0.2, 'e': 0.03183257323920795}",20,12,13.159259659778211,"{0: 8, 1: 0, 2: 0, 3: 0, 4: 0}",1
544,False,"{'a': 0.2, 'e': 0.03151424750681587}",25,10,23.420780033497874,"{0: 15, 1: 0, 2: 0, 3: 0, 4: 0}",1
545,False,"{'a': 0.2, 'e': 0.03119910503174771}",25,2,15.938514909176108,"{0: 22, 1: 0, 2: 0, 3: 1, 4: 0}",1
546,False,"{'a': 0.2, 'e': 0.030887113981430233}",20,12,17.273190154094827,"{0: 8, 1: 0, 2: 0, 3: 0, 4: 0}",1
547,False,"{'a': 0.2, 'e': 0.03057824284161593}",25,7,27.21528531180659,"{0: 18, 1: 0, 2: 0, 3: 0, 4: 0}",1
548,False,"{'a': 0.2, 'e': 0.03027246041319977}",30,16,26.97236597723285,"{0: 14, 1: 0, 2: 0, 3: 0, 4: 0}",1
549,False,"{'a': 0.2, 'e': 0.029969735809067772}",30,9,37.77761104819574,"{0: 21, 1: 0, 2: 0, 3: 0, 4: 0}",1
550,False,"{'a': 0.2, 'e': 0.029670038450977095}",25,12,26.563100109866074,"{0: 13, 1: 0, 2: 0, 3: 0, 4: 0}",1
551,False,"{'a': 0.2, 'e': 0.029373338066467324}",30,23,9.91034730145999,"{0: 7, 1: 0, 2: 0, 3: 0, 4: 0}",1
552,False,"{'a': 0.2, 'e': 0.02907960468580265}",25,0,-2.64588204485655,"{0: 24, 1: 0, 2: 0, 3: 0, 4: 1}",0
553,False,"{'a': 0.2, 'e': 0.028788808638944622}",20,0,33.960848047362774,"{0: 20, 1: 0, 2: 0, 3: 0, 4: 0}",0
554,False,"{'a': 0.2, 'e': 0.028500920552555174}",20,10,15.311256364690742,"{0: 10, 1: 0, 2: 0, 3: 0, 4: 0}",1
555,False,"{'a': 0.2, 'e': 0.028215911347029624}",20,3,28.928327387036276,"{0: 17, 1: 0, 2: 0, 3: 0, 4: 0}",1
556,False,"{'a': 0.2, 'e': 0.027933752233559327}",20,16,6.24034715966776,"{0: 4, 1: 0, 2: 0, 3: 0, 4: 0}",1
557,False,"{'a': 0.2, 'e': 0.027654414711223735}",20,8,23.333156942415563,"{0: 12, 1: 0, 2: 0, 3: 0, 4: 0}",1
558,False,"{'a': 0.2, 'e': 0.027377870564111496}",20,8,22.63650287047923,"{0: 12, 1: 0, 2: 0, 3: 0, 4: 0}",1
559,False,"{'a': 0.2, 'e': 0.027104091858470382}",20,11,18.503156854831065,"{0: 9, 1: 0, 2: 0, 3: 0, 4: 0}",1
560,False,"{'a': 0.2, 'e': 0.026833050939885677}",20,9,9.034679786586825,"{0: 10, 1: 0, 2: 1, 3: 0, 4: 0}",1
561,False,"{'a': 0.2, 'e': 0.02656472043048682}",35,9,43.08839067621213,"{0: 26, 1: 0, 2: 0, 3: 0, 4: 0}",1
562,False,"{'a': 0.2, 'e': 0.02629907322618195}",20,6,24.34973592603118,"{0: 14, 1: 0, 2: 0, 3: 0, 4: 0}",1
563,False,"{'a': 0.2, 'e': 0.026036082493920133}",20,10,7.828343772842077,"{0: 9, 1: 0, 2: 1, 3: 0, 4: 0}",1
564,False,"{'a': 0.2, 'e': 0.02577572166898093}",20,8,23.162135760803277,"{0: 12, 1: 0, 2: 0, 3: 0, 4: 0}",1
565,False,"{'a': 0.2, 'e': 0.025517964452291122}",30,0,46.38337512788048,"{0: 30, 1: 0, 2: 0, 3: 0, 4: 0}",0
566,False,"{'a': 0.2, 'e': 0.02526278480776821}",20,16,9.409970252299322,"{0: 4, 1: 0, 2: 0, 3: 0, 4: 0}",1
567,False,"{'a': 0.2, 'e': 0.025010156959690527}",20,13,12.511135944430556,"{0: 7, 1: 0, 2: 0, 3: 0, 4: 0}",1
568,False,"{'a': 0.2, 'e': 0.02476005539009362}",20,16,8.138571563781902,"{0: 4, 1: 0, 2: 0, 3: 0, 4: 0}",1
569,False,"{'a': 0.2, 'e': 0.024512454836192684}",35,21,24.587630344368332,"{0: 14, 1: 0, 2: 0, 3: 0, 4: 0}",1
570,False,"{'a': 0.2, 'e': 0.024267330287830756}",20,12,11.948735125217642,"{0: 8, 1: 0, 2: 0, 3: 0, 4: 0}",1
571,False,"{'a': 0.2, 'e': 0.024024656984952448}",20,10,18.440651949922543,"{0: 10, 1: 0, 2: 0, 3: 0, 4: 0}",1
572,False,"{'a': 0.2, 'e': 0.023784410415102923}",20,6,23.558376773373098,"{0: 14, 1: 0, 2: 0, 3: 0, 4: 0}",1
573,False,"{'a': 0.2, 'e': 0.023546566310951894}",20,0,5.6661316506576975,"{0: 19, 1: 0, 2: 0, 3: 1, 4: 0}",0
574,False,"{'a': 0.2, 'e': 0.023311100647842375}",30,13,27.968830638701974,"{0: 17, 1: 0, 2: 0, 3: 0, 4: 0}",1
575,False,"{'a': 0.2, 'e': 0.02307798964136395}",25,17,15.153120879891055,"{0: 8, 1: 0, 2: 0, 3: 0, 4: 0}",1
576,False,"{'a': 0.2, 'e': 0.022847209744950314}",20,15,9.276645988014359,"{0: 5, 1: 0, 2: 0, 3: 0, 4: 0}",1
577,False,"{'a': 0.2, 'e': 0.02261873764750081}",25,11,27.616928808912213,"{0: 14, 1: 0, 2: 0, 3: 0, 4: 0}",1
578,False,"{'a': 0.2, 'e': 0.022392550271025803}",20,8,18.32815193058891,"{0: 12, 1: 0, 2: 0, 3: 0, 4: 0}",1
579,False,"{'a': 0.2, 'e': 0.022168624768315544}",25,11,13.942761743392513,"{0: 13, 1: 0, 2: 1, 3: 0, 4: 0}",1
580,False,"{'a': 0.2, 'e': 0.02194693852063239}",30,20,16.117451186255913,"{0: 10, 1: 0, 2: 0, 3: 0, 4: 0}",1
581,False,"{'a': 0.2, 'e': 0.021727469135426065}",20,12,13.893948492107192,"{0: 8, 1: 0, 2: 0, 3: 0, 4: 0}",1
582,False,"{'a': 0.2, 'e': 0.021510194444071803}",25,8,30.6785614672964,"{0: 17, 1: 0, 2: 0, 3: 0, 4: 0}",1
583,False,"{'a': 0.2, 'e': 0.021295092499631085}",20,13,11.268001889826696,"{0: 7, 1: 0, 2: 0, 3: 0, 4: 0}",1
584,False,"{'a': 0.2, 'e': 0.021082141574634772}",35,12,36.50636322554481,"{0: 23, 1: 0, 2: 0, 3: 0, 4: 0}",1
585,False,"{'a': 0.2, 'e': 0.020871320158888425}",25,15,18.307139246745063,"{0: 10, 1: 0, 2: 0, 3: 0, 4: 0}",1
586,False,"{'a': 0.2, 'e': 0.020662606957299542}",35,13,38.92537645868324,"{0: 22, 1: 0, 2: 0, 3: 0, 4: 0}",1
587,False,"{'a': 0.2, 'e': 0.020455980887726547}",30,16,26.49013827022688,"{0: 14, 1: 0, 2: 0, 3: 0, 4: 0}",1
588,False,"{'a': 0.2, 'e': 0.02025142107884928}",25,15,22.38299503564527,"{0: 10, 1: 0, 2: 0, 3: 0, 4: 0}",1
589,False,"{'a': 0.2, 'e': 0.020048906868060788}",25,11,27.88412106813235,"{0: 14, 1: 0, 2: 0, 3: 0, 4: 0}",1
590,False,"{'a': 0.2, 'e': 0.01984841779938018}",30,19,16.60643802619579,"{0: 11, 1: 0, 2: 0, 3: 0, 4: 0}",1
591,False,"{'a': 0.2, 'e': 0.019649933621386378}",25,11,27.540276500058315,"{0: 14, 1: 0, 2: 0, 3: 0, 4: 0}",1
592,False,"{'a': 0.2, 'e': 0.019453434285172513}",20,16,6.492225254403145,"{0: 4, 1: 0, 2: 0, 3: 0, 4: 0}",1
593,False,"{'a': 0.2, 'e': 0.019258899942320787}",20,12,15.701097361628113,"{0: 8, 1: 0, 2: 0, 3: 0, 4: 0}",1
594,False,"{'a': 0.2, 'e': 0.01906631094289758}",30,15,25.562258298956465,"{0: 15, 1: 0, 2: 0, 3: 0, 4: 0}",1
595,False,"{'a': 0.2, 'e': 0.018875647833468602}",20,8,20.05613106692108,"{0: 12, 1: 0, 2: 0, 3: 0, 4: 0}",1
596,False,"{'a': 0.2, 'e': 0.018686891355133916}",30,22,16.53704673784662,"{0: 8, 1: 0, 2: 0, 3: 0, 4: 0}",1
597,False,"{'a': 0.2, 'e': 0.018500022441582577}",20,5,25.280329868241004,"{0: 15, 1: 0, 2: 0, 3: 0, 4: 0}",1
598,False,"{'a': 0.2, 'e': 0.01831502221716675}",25,13,25.375634542889205,"{0: 12, 1: 0, 2: 0, 3: 0, 4: 0}",1
599,False,"{'a': 0.2, 'e': 0.018131871994995084}",20,0,32.51536491483214,"{0: 20, 1: 0, 2: 0, 3: 0, 4: 0}",1
600,False,"{'a': 0.2, 'e': 0.017950553275045134}",20,10,17.426635060560148,"{0: 10, 1: 0, 2: 0, 3: 0, 4: 0}",1
601,False,"{'a': 0.2, 'e': 0.017771047742294682}",20,10,15.138881763574565,"{0: 10, 1: 0, 2: 0, 3: 0, 4: 0}",1
602,False,"{'a': 0.2, 'e': 0.017593337264871736}",35,26,18.511285864926826,"{0: 9, 1: 0, 2: 0, 3: 0, 4: 0}",1
603,False,"{'a': 0.2, 'e': 0.01741740389222302}",25,17,16.48885211152286,"{0: 8, 1: 0, 2: 0, 3: 0, 4: 0}",1
604,False,"{'a': 0.2, 'e': 0.01724322985330079}",25,10,8.449490047237559,"{0: 13, 1: 1, 2: 1, 3: 0, 4: 0}",1
605,False,"{'a': 0.2, 'e': 0.017070797554767782}",20,10,16.512805853577436,"{0: 10, 1: 0, 2: 0, 3: 0, 4: 0}",1
606,False,"{'a': 0.2, 'e': 0.016900089579220106}",20,7,-19.110420840355587,"{0: 12, 1: 0, 2: 0, 3: 0, 4: 1}",1
607,False,"{'a': 0.2, 'e': 0.016731088683427906}",20,10,22.913691643786812,"{0: 10, 1: 0, 2: 0, 3: 0, 4: 0}",1
608,False,"{'a': 0.2, 'e': 0.016563777796593626}",25,11,27.227724612558664,"{0: 14, 1: 0, 2: 0, 3: 0, 4: 0}",1
609,False,"{'a': 0.2, 'e': 0.016398140018627688}",20,6,25.02995865216596,"{0: 14, 1: 0, 2: 0, 3: 0, 4: 0}",1
610,False,"{'a': 0.2, 'e': 0.01623415861844141}",30,8,36.52024959001565,"{0: 22, 1: 0, 2: 0, 3: 0, 4: 0}",1
611,False,"{'a': 0.2, 'e': 0.016071817032256998}",30,23,15.249902746376119,"{0: 7, 1: 0, 2: 0, 3: 0, 4: 0}",1
612,False,"{'a': 0.2, 'e': 0.01591109886193443}",20,6,27.59735913732755,"{0: 14, 1: 0, 2: 0, 3: 0, 4: 0}",1
613,False,"{'a': 0.2, 'e': 0.015751987873315085}",20,0,29.005488912362615,"{0: 20, 1: 0, 2: 0, 3: 0, 4: 0}",0
614,False,"{'a': 0.2, 'e': 0.015594467994581935}",20,15,-14.517708168710492,"{0: 4, 1: 0, 2: 0, 3: 1, 4: 0}",1
615,False,"{'a': 0.2, 'e': 0.015438523314636115}",20,14,-32.66353015997324,"{0: 5, 1: 0, 2: 0, 3: 0, 4: 1}",1
616,False,"{'a': 0.2, 'e': 0.015284138081489753}",20,11,14.687864776841643,"{0: 9, 1: 0, 2: 0, 3: 0, 4: 0}",1
617,False,"{'a': 0.2, 'e': 0.015131296700674856}",20,8,23.487166245291014,"{0: 12, 1: 0, 2: 0, 3: 0, 4: 0}",1
618,False,"{'a': 0.2, 'e': 0.014979983733668108}",20,6,27.46587619280273,"{0: 14, 1: 0, 2: 0, 3: 0, 4: 0}",1
619,False,"{'a': 0.2, 'e': 0.014830183896331426}",20,7,25.180775998832225,"{0: 13, 1: 0, 2: 0, 3: 0, 4: 0}",1
620,False,"{'a': 0.2, 'e': 0.014681882057368112}",25,12,24.238561997897055,"{0: 13, 1: 0, 2: 0, 3: 0, 4: 0}",1
621,False,"{'a': 0.2, 'e': 0.01453506323679443}",25,5,26.925973476540058,"{0: 20, 1: 0, 2: 0, 3: 0, 4: 0}",1
622,False,"{'a': 0.2, 'e': 0.014389712604426485}",25,7,36.18260046316956,"{0: 18, 1: 0, 2: 0, 3: 0, 4: 0}",1
623,False,"{'a': 0.2, 'e': 0.01424581547838222}",20,6,27.626057881331207,"{0: 14, 1: 0, 2: 0, 3: 0, 4: 0}",1
624,False,"{'a': 0.2, 'e': 0.014103357323598397}",20,4,-13.341518969485648,"{0: 15, 1: 0, 2: 0, 3: 0, 4: 1}",1
625,False,"{'a': 0.2, 'e': 0.013962323750362413}",20,12,14.382253491367283,"{0: 8, 1: 0, 2: 0, 3: 0, 4: 0}",1
626,False,"{'a': 0.2, 'e': 0.013822700512858789}",20,12,14.852587701863452,"{0: 8, 1: 0, 2: 0, 3: 0, 4: 0}",1
627,False,"{'a': 0.2, 'e': 0.0136844735077302}",30,18,23.126423645891553,"{0: 12, 1: 0, 2: 0, 3: 0, 4: 0}",1
628,False,"{'a': 0.2, 'e': 0.013547628772652899}",25,7,33.81001268118823,"{0: 18, 1: 0, 2: 0, 3: 0, 4: 0}",1
629,False,"{'a': 0.2, 'e': 0.01341215248492637}",20,16,9.674886043136564,"{0: 4, 1: 0, 2: 0, 3: 0, 4: 0}",1
630,False,"{'a': 0.2, 'e': 0.013278030960077106}",20,2,30.396961960170714,"{0: 18, 1: 0, 2: 0, 3: 0, 4: 0}",1
631,False,"{'a': 0.2, 'e': 0.013145250650476335}",25,12,22.073253742825784,"{0: 13, 1: 0, 2: 0, 3: 0, 4: 0}",1
632,False,"{'a': 0.2, 'e': 0.01301379814397157}",25,18,8.896059587450207,"{0: 7, 1: 0, 2: 0, 3: 0, 4: 0}",1
633,False,"{'a': 0.2, 'e': 0.012883660162531854}",20,8,21.323345474056598,"{0: 12, 1: 0, 2: 0, 3: 0, 4: 0}",1
634,False,"{'a': 0.2, 'e': 0.012754823560906535}",25,18,11.661275593478948,"{0: 7, 1: 0, 2: 0, 3: 0, 4: 0}",1
635,False,"{'a': 0.2, 'e': 0.01262727532529747}",25,11,28.741757476974552,"{0: 14, 1: 0, 2: 0, 3: 0, 4: 0}",1
636,False,"{'a': 0.2, 'e': 0.012501002572044496}",20,10,19.138111519094565,"{0: 10, 1: 0, 2: 0, 3: 0, 4: 0}",1
637,False,"{'a': 0.2, 'e': 0.01237599254632405}",25,5,31.232939977238335,"{0: 20, 1: 0, 2: 0, 3: 0, 4: 0}",1
638,False,"{'a': 0.2, 'e': 0.01225223262086081}",20,0,35.239141854059916,"{0: 20, 1: 0, 2: 0, 3: 0, 4: 0}",0
639,False,"{'a': 0.2, 'e': 0.012129710294652202}",30,16,27.999033524423663,"{0: 14, 1: 0, 2: 0, 3: 0, 4: 0}",1
640,False,"{'a': 0.2, 'e': 0.01200841319170568}",25,19,12.859931412024006,"{0: 6, 1: 0, 2: 0, 3: 0, 4: 0}",1
641,False,"{'a': 0.2, 'e': 0.011888329059788623}",20,6,28.54930193340813,"{0: 14, 1: 0, 2: 0, 3: 0, 4: 0}",1
642,False,"{'a': 0.2, 'e': 0.011769445769190737}",20,6,24.916616403366312,"{0: 14, 1: 0, 2: 0, 3: 0, 4: 0}",1
643,False,"{'a': 0.2, 'e': 0.01165175131149883}",30,8,26.06038681588645,"{0: 21, 1: 0, 2: 1, 3: 0, 4: 0}",1
644,False,"{'a': 0.2, 'e': 0.011535233798383842}",20,8,5.621554004181273,"{0: 11, 1: 0, 2: 1, 3: 0, 4: 0}",1
645,False,"{'a': 0.2, 'e': 0.011419881460400004}",20,9,19.69868293401625,"{0: 11, 1: 0, 2: 0, 3: 0, 4: 0}",1
646,False,"{'a': 0.2, 'e': 0.011305682645796004}",30,18,22.557303624142488,"{0: 12, 1: 0, 2: 0, 3: 0, 4: 0}",1
647,False,"{'a': 0.2, 'e': 0.011192625819338045}",20,8,23.54274927105228,"{0: 12, 1: 0, 2: 0, 3: 0, 4: 0}",1
648,False,"{'a': 0.2, 'e': 0.011080699561144665}",20,2,28.13116843863973,"{0: 18, 1: 0, 2: 0, 3: 0, 4: 0}",1
649,False,"{'a': 0.2, 'e': 0.010969892565533218}",20,3,27.47125434329834,"{0: 17, 1: 0, 2: 0, 3: 0, 4: 0}",1
650,False,"{'a': 0.2, 'e': 0.010860193639877886}",20,12,14.193817085733015,"{0: 8, 1: 0, 2: 0, 3: 0, 4: 0}",1
651,False,"{'a': 0.2, 'e': 0.010751591703479106}",25,6,32.52740982934033,"{0: 19, 1: 0, 2: 0, 3: 0, 4: 0}",1
652,False,"{'a': 0.2, 'e': 0.010644075786444315}",20,0,32.38009639293379,"{0: 20, 1: 0, 2: 0, 3: 0, 4: 0}",0
653,False,"{'a': 0.2, 'e': 0.010537635028579873}",30,20,17.115819708681,"{0: 10, 1: 0, 2: 0, 3: 0, 4: 0}",1
654,False,"{'a': 0.2, 'e': 0.010432258678294073}",25,8,30.33333029611475,"{0: 17, 1: 0, 2: 0, 3: 0, 4: 0}",1
655,False,"{'a': 0.2, 'e': 0.010327936091511133}",30,4,-3.722748777467029,"{0: 25, 1: 0, 2: 0, 3: 0, 4: 1}",1
656,False,"{'a': 0.2, 'e': 0.010224656730596022}",25,3,33.86499609670308,"{0: 22, 1: 0, 2: 0, 3: 0, 4: 0}",1
657,False,"{'a': 0.2, 'e': 0.01012241016329006}",30,18,25.69958521378266,"{0: 12, 1: 0, 2: 0, 3: 0, 4: 0}",1
658,False,"{'a': 0.2, 'e': 0.01002118606165716}",20,6,27.557792131695,"{0: 14, 1: 0, 2: 0, 3: 0, 4: 0}",1
659,False,"{'a': 0.2, 'e': 0.009920974201040588}",25,20,8.710799121088971,"{0: 5, 1: 0, 2: 0, 3: 0, 4: 0}",1
660,False,"{'a': 0.2, 'e': 0.009821764459030182}",20,6,27.87699163020236,"{0: 14, 1: 0, 2: 0, 3: 0, 4: 0}",1
661,False,"{'a': 0.2, 'e': 0.00972354681443988}",20,0,33.01649631336208,"{0: 20, 1: 0, 2: 0, 3: 0, 4: 0}",0
662,False,"{'a': 0.2, 'e': 0.00962631134629548}",20,0,29.804577585989435,"{0: 20, 1: 0, 2: 0, 3: 0, 4: 0}",0
663,False,"{'a': 0.2, 'e': 0.009530048232832525}",25,16,20.018858246587335,"{0: 9, 1: 0, 2: 0, 3: 0, 4: 0}",1
664,False,"{'a': 0.2, 'e': 0.009434747750504199}",20,0,31.472556036500507,"{0: 20, 1: 0, 2: 0, 3: 0, 4: 0}",0
665,False,"{'a': 0.2, 'e': 0.009340400272999157}",30,17,18.798439021708447,"{0: 13, 1: 0, 2: 0, 3: 0, 4: 0}",1
666,False,"{'a': 0.2, 'e': 0.009246996270269165}",25,6,33.77403745501101,"{0: 19, 1: 0, 2: 0, 3: 0, 4: 0}",1
667,False,"{'a': 0.2, 'e': 0.009154526307566474}",20,7,26.372431757099232,"{0: 13, 1: 0, 2: 0, 3: 0, 4: 0}",1
668,False,"{'a': 0.2, 'e': 0.009062981044490808}",20,6,26.061815481561233,"{0: 14, 1: 0, 2: 0, 3: 0, 4: 0}",1
669,False,"{'a': 0.2, 'e': 0.0089723512340459}",25,7,31.246108349846256,"{0: 18, 1: 0, 2: 0, 3: 0, 4: 0}",1
670,False,"{'a': 0.2, 'e': 0.00888262772170544}",25,11,28.97112524962015,"{0: 14, 1: 0, 2: 0, 3: 0, 4: 0}",1
671,False,"{'a': 0.2, 'e': 0.008793801444488386}",20,9,23.063299556070042,"{0: 11, 1: 0, 2: 0, 3: 0, 4: 0}",1
672,False,"{'a': 0.2, 'e': 0.008705863430043502}",30,8,-0.7804570624441574,"{0: 21, 1: 0, 2: 0, 3: 0, 4: 1}",1
673,False,"{'a': 0.2, 'e': 0.008618804795743068}",30,17,24.79019793890932,"{0: 13, 1: 0, 2: 0, 3: 0, 4: 0}",1
674,False,"{'a': 0.2, 'e': 0.008532616747785637}",25,17,17.205700881514616,"{0: 8, 1: 0, 2: 0, 3: 0, 4: 0}",1
675,False,"{'a': 0.2, 'e': 0.00844729058030778}",25,10,26.95915403251509,"{0: 15, 1: 0, 2: 0, 3: 0, 4: 0}",1
676,False,"{'a': 0.2, 'e': 0.008362817674504702}",25,6,26.542279147198332,"{0: 18, 1: 0, 2: 1, 3: 0, 4: 0}",1
677,False,"{'a': 0.2, 'e': 0.008279189497759654}",25,18,11.621075143969113,"{0: 7, 1: 0, 2: 0, 3: 0, 4: 0}",1
678,False,"{'a': 0.2, 'e': 0.008196397602782058}",25,14,21.406244974850168,"{0: 11, 1: 0, 2: 0, 3: 0, 4: 0}",1
679,False,"{'a': 0.2, 'e': 0.008114433626754238}",20,0,30.986318074741465,"{0: 20, 1: 0, 2: 0, 3: 0, 4: 0}",0
680,False,"{'a': 0.2, 'e': 0.008033289290486696}",20,11,15.967171138881469,"{0: 9, 1: 0, 2: 0, 3: 0, 4: 0}",1
681,False,"{'a': 0.2, 'e': 0.00795295639758183}",25,17,15.760913869176978,"{0: 8, 1: 0, 2: 0, 3: 0, 4: 0}",1
682,False,"{'a': 0.2, 'e': 0.00787342683360601}",25,10,27.619061906386108,"{0: 15, 1: 0, 2: 0, 3: 0, 4: 0}",1
683,False,"{'a': 0.2, 'e': 0.0077946925652699495}",25,15,21.96327742229806,"{0: 10, 1: 0, 2: 0, 3: 0, 4: 0}",1
684,False,"{'a': 0.2, 'e': 0.00771674563961725}",20,9,21.52803966571781,"{0: 11, 1: 0, 2: 0, 3: 0, 4: 0}",1
685,False,"{'a': 0.2, 'e': 0.007639578183221077}",25,0,45.50860567254517,"{0: 25, 1: 0, 2: 0, 3: 0, 4: 0}",0
686,False,"{'a': 0.2, 'e': 0.0075631824013888665}",20,7,20.662004060724236,"{0: 13, 1: 0, 2: 0, 3: 0, 4: 0}",1
687,False,"{'a': 0.2, 'e': 0.007487550577374978}",25,11,24.448945036471514,"{0: 14, 1: 0, 2: 0, 3: 0, 4: 0}",1
688,False,"{'a': 0.2, 'e': 0.007412675071601228}",30,13,37.517149779878146,"{0: 17, 1: 0, 2: 0, 3: 0, 4: 0}",1
689,False,"{'a': 0.2, 'e': 0.007338548320885215}",20,8,21.568216930979922,"{0: 12, 1: 0, 2: 0, 3: 0, 4: 0}",1
690,False,"{'a': 0.2, 'e': 0.0072651628376763635}",30,22,14.455190957199356,"{0: 8, 1: 0, 2: 0, 3: 0, 4: 0}",1
691,False,"{'a': 0.2, 'e': 0.0071925112092996}",25,9,28.449164340188194,"{0: 16, 1: 0, 2: 0, 3: 0, 4: 0}",1
692,False,"{'a': 0.2, 'e': 0.007120586097206604}",20,14,9.927078254261968,"{0: 6, 1: 0, 2: 0, 3: 0, 4: 0}",1
693,False,"{'a': 0.2, 'e': 0.007049380236234538}",20,8,19.27807947177542,"{0: 12, 1: 0, 2: 0, 3: 0, 4: 0}",1
694,False,"{'a': 0.2, 'e': 0.006978886433872193}",30,8,27.480608043768466,"{0: 21, 1: 0, 2: 1, 3: 0, 4: 0}",1
695,False,"{'a': 0.2, 'e': 0.006909097569533471}",25,3,39.74782606050708,"{0: 22, 1: 0, 2: 0, 3: 0, 4: 0}",1
696,False,"{'a': 0.2, 'e': 0.006840006593838137}",30,14,24.84189696530101,"{0: 16, 1: 0, 2: 0, 3: 0, 4: 0}",1
697,False,"{'a': 0.2, 'e': 0.0067716065278997555}",25,14,21.9529455382188,"{0: 11, 1: 0, 2: 0, 3: 0, 4: 0}",1
698,False,"{'a': 0.2, 'e': 0.006703890462620758}",25,12,20.910414439728257,"{0: 13, 1: 0, 2: 0, 3: 0, 4: 0}",1
699,False,"{'a': 0.2, 'e': 0.006636851557994551}",20,10,19.757131063786165,"{0: 10, 1: 0, 2: 0, 3: 0, 4: 0}",1
700,False,"{'a': 0.2, 'e': 0.006570483042414605}",25,13,22.699152538820368,"{0: 12, 1: 0, 2: 0, 3: 0, 4: 0}",1
701,False,"{'a': 0.2, 'e': 0.006504778211990459}",20,15,11.000547287886981,"{0: 5, 1: 0, 2: 0, 3: 0, 4: 0}",1
702,False,"{'a': 0.2, 'e': 0.006439730429870554}",25,17,16.094520691556212,"{0: 8, 1: 0, 2: 0, 3: 0, 4: 0}",1
703,False,"{'a': 0.2, 'e': 0.0063753331255718484}",20,11,15.912141637317598,"{0: 9, 1: 0, 2: 0, 3: 0, 4: 0}",1
704,False,"{'a': 0.2, 'e': 0.00631157979431613}",30,14,27.41414738976437,"{0: 16, 1: 0, 2: 0, 3: 0, 4: 0}",1
705,False,"{'a': 0.2, 'e': 0.006248463996372969}",25,14,20.09078982838246,"{0: 11, 1: 0, 2: 0, 3: 0, 4: 0}",1
706,False,"{'a': 0.2, 'e': 0.006185979356409239}",20,10,18.351238530985356,"{0: 10, 1: 0, 2: 0, 3: 0, 4: 0}",1
707,False,"{'a': 0.2, 'e': 0.006124119562845147}",25,19,12.627108952666884,"{0: 6, 1: 0, 2: 0, 3: 0, 4: 0}",1
708,False,"{'a': 0.2, 'e': 0.006062878367216695}",20,8,22.96267483024249,"{0: 12, 1: 0, 2: 0, 3: 0, 4: 0}",1
709,False,"{'a': 0.2, 'e': 0.006002249583544528}",25,13,26.689564254663626,"{0: 12, 1: 0, 2: 0, 3: 0, 4: 0}",1
710,False,"{'a': 0.2, 'e': 0.005942227087709083}",20,12,13.007234470201459,"{0: 8, 1: 0, 2: 0, 3: 0, 4: 0}",1
711,False,"{'a': 0.2, 'e': 0.005882804816831992}",30,24,9.368001322935887,"{0: 6, 1: 0, 2: 0, 3: 0, 4: 0}",1
712,False,"{'a': 0.2, 'e': 0.005823976768663672}",30,19,18.805479143276784,"{0: 11, 1: 0, 2: 0, 3: 0, 4: 0}",1
713,False,"{'a': 0.2, 'e': 0.005765737000977035}",20,10,18.635228422417764,"{0: 10, 1: 0, 2: 0, 3: 0, 4: 0}",1
714,False,"{'a': 0.2, 'e': 0.005708079630967265}",20,10,15.335577677705034,"{0: 10, 1: 0, 2: 0, 3: 0, 4: 0}",1
715,False,"{'a': 0.2, 'e': 0.005650998834657592}",25,14,25.781671376245676,"{0: 11, 1: 0, 2: 0, 3: 0, 4: 0}",1
716,False,"{'a': 0.2, 'e': 0.005594488846311016}",30,24,13.56994837338293,"{0: 6, 1: 0, 2: 0, 3: 0, 4: 0}",1
717,False,"{'a': 0.2, 'e': 0.005538543957847906}",20,13,11.512834245293302,"{0: 7, 1: 0, 2: 0, 3: 0, 4: 0}",1
718,False,"{'a': 0.2, 'e': 0.005483158518269427}",25,11,30.0215326860035,"{0: 14, 1: 0, 2: 0, 3: 0, 4: 0}",1
719,False,"{'a': 0.2, 'e': 0.005428326933086733}",25,13,23.279718242528894,"{0: 12, 1: 0, 2: 0, 3: 0, 4: 0}",1
720,False,"{'a': 0.2, 'e': 0.005374043663755866}",30,18,22.72467985323092,"{0: 12, 1: 0, 2: 0, 3: 0, 4: 0}",1
721,False,"{'a': 0.2, 'e': 0.005320303227118307}",25,9,28.959723296951108,"{0: 16, 1: 0, 2: 0, 3: 0, 4: 0}",1
722,False,"{'a': 0.2, 'e': 0.005267100194847124}",30,2,38.057392706483384,"{0: 28, 1: 0, 2: 0, 3: 0, 4: 0}",1
723,False,"{'a': 0.2, 'e': 0.005214429192898652}",20,9,21.717914833535282,"{0: 11, 1: 0, 2: 0, 3: 0, 4: 0}",1
724,False,"{'a': 0.2, 'e': 0.005162284900969666}",20,4,26.18361287516618,"{0: 16, 1: 0, 2: 0, 3: 0, 4: 0}",1
725,False,"{'a': 0.2, 'e': 0.005110662051959969}",25,18,15.27359672785722,"{0: 7, 1: 0, 2: 0, 3: 0, 4: 0}",1
726,False,"{'a': 0.2, 'e': 0.005059555431440369}",30,10,30.30475725438176,"{0: 20, 1: 0, 2: 0, 3: 0, 4: 0}",1
727,False,"{'a': 0.2, 'e': 0.005008959877125965}",30,22,12.456203242204351,"{0: 8, 1: 0, 2: 0, 3: 0, 4: 0}",1
728,False,"{'a': 0.2, 'e': 0.004958870278354705}",20,12,11.725839683859208,"{0: 8, 1: 0, 2: 0, 3: 0, 4: 0}",1
729,False,"{'a': 0.2, 'e': 0.004909281575571158}",25,8,27.961890570028395,"{0: 17, 1: 0, 2: 0, 3: 0, 4: 0}",1
730,False,"{'a': 0.2, 'e': 0.004860188759815446}",20,6,28.22130371882551,"{0: 14, 1: 0, 2: 0, 3: 0, 4: 0}",1
731,False,"{'a': 0.2, 'e': 0.004811586872217292}",20,9,20.257401810914843,"{0: 11, 1: 0, 2: 0, 3: 0, 4: 0}",1
732,False,"{'a': 0.2, 'e': 0.004763471003495119}",20,16,6.125576868838589,"{0: 4, 1: 0, 2: 0, 3: 0, 4: 0}",1
733,False,"{'a': 0.2, 'e': 0.004715836293460168}",25,17,14.762990350523912,"{0: 8, 1: 0, 2: 0, 3: 0, 4: 0}",1
734,False,"{'a': 0.2, 'e': 0.004668677930525566}",25,8,29.433312361071483,"{0: 17, 1: 0, 2: 0, 3: 0, 4: 0}",1
735,False,"{'a': 0.2, 'e': 0.00462199115122031}",25,14,19.594672817101333,"{0: 11, 1: 0, 2: 0, 3: 0, 4: 0}",1
736,False,"{'a': 0.2, 'e': 0.004575771239708107}",35,15,37.61402888188561,"{0: 20, 1: 0, 2: 0, 3: 0, 4: 0}",1
737,False,"{'a': 0.2, 'e': 0.004530013527311026}",35,18,28.689572076702134,"{0: 17, 1: 0, 2: 0, 3: 0, 4: 0}",1
738,False,"{'a': 0.2, 'e': 0.004484713392037916}",20,8,22.580598844391744,"{0: 12, 1: 0, 2: 0, 3: 0, 4: 0}",1
739,False,"{'a': 0.2, 'e': 0.004439866258117537}",20,16,5.826371236811191,"{0: 4, 1: 0, 2: 0, 3: 0, 4: 0}",1
740,False,"{'a': 0.2, 'e': 0.004395467595536362}",25,17,15.484380275252407,"{0: 8, 1: 0, 2: 0, 3: 0, 4: 0}",1
741,False,"{'a': 0.2, 'e': 0.004351512919580998}",20,5,25.153559277189736,"{0: 15, 1: 0, 2: 0, 3: 0, 4: 0}",1
742,False,"{'a': 0.2, 'e': 0.004307997790385188}",30,16,26.175490787904028,"{0: 14, 1: 0, 2: 0, 3: 0, 4: 0}",1
743,False,"{'a': 0.2, 'e': 0.004264917812481336}",20,0,31.878489538025935,"{0: 20, 1: 0, 2: 0, 3: 0, 4: 0}",0
744,False,"{'a': 0.2, 'e': 0.0042222686343565225}",20,0,27.886472645602193,"{0: 20, 1: 0, 2: 0, 3: 0, 4: 0}",0
745,False,"{'a': 0.2, 'e': 0.0041800459480129575}",25,18,14.703295021440178,"{0: 7, 1: 0, 2: 0, 3: 0, 4: 0}",1
746,False,"{'a': 0.2, 'e': 0.0041382454885328275}",25,9,27.08869204496138,"{0: 16, 1: 0, 2: 0, 3: 0, 4: 0}",1
747,False,"{'a': 0.2, 'e': 0.004096863033647499}",20,1,33.917099956310004,"{0: 19, 1: 0, 2: 0, 3: 0, 4: 0}",1
748,False,"{'a': 0.2, 'e': 0.0040558944033110235}",20,7,22.405113845233153,"{0: 13, 1: 0, 2: 0, 3: 0, 4: 0}",1
749,False,"{'a': 0.2, 'e': 0.0040153354592779135}",30,19,20.667048324367798,"{0: 11, 1: 0, 2: 0, 3: 0, 4: 0}",1
750,False,"{'a': 0.2, 'e': 0.0039751821046851345}",30,16,4.800484184856262,"{0: 13, 1: 0, 2: 0, 3: 1, 4: 0}",1
751,False,"{'a': 0.2, 'e': 0.003935430283638283}",20,12,14.861513960248752,"{0: 8, 1: 0, 2: 0, 3: 0, 4: 0}",1
752,False,"{'a': 0.2, 'e': 0.0038960759808019003}",20,3,27.63882869354886,"{0: 17, 1: 0, 2: 0, 3: 0, 4: 0}",1
753,False,"{'a': 0.2, 'e': 0.003857115220993881}",25,7,9.544624668952197,"{0: 17, 1: 0, 2: 0, 3: 1, 4: 0}",1
754,False,"{'a': 0.2, 'e': 0.003818544068783942}",25,17,13.835236211767109,"{0: 8, 1: 0, 2: 0, 3: 0, 4: 0}",1
755,False,"{'a': 0.2, 'e': 0.0037803586280961026}",20,9,21.524618810105462,"{0: 11, 1: 0, 2: 0, 3: 0, 4: 0}",1
756,False,"{'a': 0.2, 'e': 0.0037425550418151415}",20,10,19.49126421925783,"{0: 10, 1: 0, 2: 0, 3: 0, 4: 0}",1
757,False,"{'a': 0.2, 'e': 0.00370512949139699}",20,2,32.09954804710906,"{0: 18, 1: 0, 2: 0, 3: 0, 4: 0}",1
758,False,"{'a': 0.2, 'e': 0.0036680781964830204}",25,15,20.637042734092137,"{0: 10, 1: 0, 2: 0, 3: 0, 4: 0}",1
759,False,"{'a': 0.2, 'e': 0.00363139741451819}",25,7,35.16151432422529,"{0: 18, 1: 0, 2: 0, 3: 0, 4: 0}",1
760,False,"{'a': 0.2, 'e': 0.003595083440373008}",20,5,9.23052869540037,"{0: 14, 1: 0, 2: 1, 3: 0, 4: 0}",1
761,False,"{'a': 0.2, 'e': 0.003559132605969278}",20,9,22.43740390466732,"{0: 11, 1: 0, 2: 0, 3: 0, 4: 0}",1
762,False,"{'a': 0.2, 'e': 0.003523541279909585}",25,15,19.25213667074463,"{0: 10, 1: 0, 2: 0, 3: 0, 4: 0}",1
763,False,"{'a': 0.2, 'e': 0.003488305867110489}",25,3,33.5062542455773,"{0: 22, 1: 0, 2: 0, 3: 0, 4: 0}",1
764,False,"{'a': 0.2, 'e': 0.0034534228084393843}",20,8,17.98927150079502,"{0: 12, 1: 0, 2: 0, 3: 0, 4: 0}",1
765,False,"{'a': 0.2, 'e': 0.0034188885803549903}",20,13,11.970213055149154,"{0: 7, 1: 0, 2: 0, 3: 0, 4: 0}",1
766,False,"{'a': 0.2, 'e': 0.0033846996945514404}",30,17,22.93276046978856,"{0: 13, 1: 0, 2: 0, 3: 0, 4: 0}",1
767,False,"{'a': 0.2, 'e': 0.003350852697605926}",20,12,17.182041284315,"{0: 8, 1: 0, 2: 0, 3: 0, 4: 0}",1
768,False,"{'a': 0.2, 'e': 0.0033173441706298664}",30,14,34.62786223570625,"{0: 16, 1: 0, 2: 0, 3: 0, 4: 0}",1
769,False,"{'a': 0.2, 'e': 0.0032841707289235677}",20,4,24.138740140000642,"{0: 16, 1: 0, 2: 0, 3: 0, 4: 0}",1
770,False,"{'a': 0.2, 'e': 0.0032513290216343318}",30,17,25.82219340094294,"{0: 13, 1: 0, 2: 0, 3: 0, 4: 0}",1
771,False,"{'a': 0.2, 'e': 0.0032188157314179885}",20,7,23.235660104232757,"{0: 13, 1: 0, 2: 0, 3: 0, 4: 0}",1
772,False,"{'a': 0.2, 'e': 0.003186627574103809}",20,6,25.053090274568902,"{0: 14, 1: 0, 2: 0, 3: 0, 4: 0}",1
773,False,"{'a': 0.2, 'e': 0.0031547612983627705}",25,0,37.31992990477503,"{0: 25, 1: 0, 2: 0, 3: 0, 4: 0}",0
774,False,"{'a': 0.2, 'e': 0.003123213685379143}",25,11,27.273582903101207,"{0: 14, 1: 0, 2: 0, 3: 0, 4: 0}",1
775,False,"{'a': 0.2, 'e': 0.0030919815485253516}",25,14,23.302973103320237,"{0: 11, 1: 0, 2: 0, 3: 0, 4: 0}",1
776,False,"{'a': 0.2, 'e': 0.003061061733040098}",20,6,22.307611266155853,"{0: 14, 1: 0, 2: 0, 3: 0, 4: 0}",1
777,False,"{'a': 0.2, 'e': 0.003030451115709697}",20,11,13.317373998226309,"{0: 9, 1: 0, 2: 0, 3: 0, 4: 0}",1
778,False,"{'a': 0.2, 'e': 0.0030001466045526}",25,7,31.905715975936282,"{0: 18, 1: 0, 2: 0, 3: 0, 4: 0}",1
779,False,"{'a': 0.2, 'e': 0.002970145138507074}",20,0,-8.275358722952266,"{0: 19, 1: 0, 2: 0, 3: 0, 4: 1}",0
780,False,"{'a': 0.2, 'e': 0.002940443687122003}",20,0,29.052069921258575,"{0: 20, 1: 0, 2: 0, 3: 0, 4: 0}",0
781,False,"{'a': 0.2, 'e': 0.002911039250250783}",25,7,33.544884813164735,"{0: 18, 1: 0, 2: 0, 3: 0, 4: 0}",1
782,False,"{'a': 0.2, 'e': 0.0028819288577482754}",20,3,29.428660079478227,"{0: 17, 1: 0, 2: 0, 3: 0, 4: 0}",1
783,False,"{'a': 0.2, 'e': 0.0028531095691707925}",25,8,39.911962988722884,"{0: 17, 1: 0, 2: 0, 3: 0, 4: 0}",1
784,False,"{'a': 0.2, 'e': 0.0028245784734790844}",30,17,1.7919577226207493,"{0: 12, 1: 0, 2: 0, 3: 1, 4: 0}",1
785,False,"{'a': 0.2, 'e': 0.0027963326887442937}",20,8,22.38438643512309,"{0: 12, 1: 0, 2: 0, 3: 0, 4: 0}",1
786,False,"{'a': 0.2, 'e': 0.0027683693618568506}",25,8,29.093866988511877,"{0: 17, 1: 0, 2: 0, 3: 0, 4: 0}",1
787,False,"{'a': 0.2, 'e': 0.002740685668238282}",20,2,29.74338092435504,"{0: 18, 1: 0, 2: 0, 3: 0, 4: 0}",1
788,False,"{'a': 0.2, 'e': 0.0027132788115558993}",20,13,16.129485439942982,"{0: 7, 1: 0, 2: 0, 3: 0, 4: 0}",1
789,False,"{'a': 0.2, 'e': 0.0026861460234403403}",25,14,21.52412688856286,"{0: 11, 1: 0, 2: 0, 3: 0, 4: 0}",1
790,False,"{'a': 0.2, 'e': 0.002659284563205937}",25,12,23.530882494089976,"{0: 13, 1: 0, 2: 0, 3: 0, 4: 0}",1
791,False,"{'a': 0.2, 'e': 0.0026326917175738774}",20,8,20.780385040007598,"{0: 12, 1: 0, 2: 0, 3: 0, 4: 0}",1
792,False,"{'a': 0.2, 'e': 0.0026063648003981387}",20,0,39.28151710083629,"{0: 20, 1: 0, 2: 0, 3: 0, 4: 0}",1
793,False,"{'a': 0.2, 'e': 0.0025803011523941573}",25,13,21.911607858738456,"{0: 12, 1: 0, 2: 0, 3: 0, 4: 0}",1
794,False,"{'a': 0.2, 'e': 0.0025544981408702158}",20,5,24.347782884175313,"{0: 15, 1: 0, 2: 0, 3: 0, 4: 0}",1
795,False,"{'a': 0.2, 'e': 0.0025289531594615135}",20,6,24.196361912894055,"{0: 14, 1: 0, 2: 0, 3: 0, 4: 0}",1
796,False,"{'a': 0.2, 'e': 0.0025036636278668984}",25,13,21.269818060092046,"{0: 12, 1: 0, 2: 0, 3: 0, 4: 0}",1
797,False,"{'a': 0.2, 'e': 0.0024786269915882293}",20,3,23.55201796219106,"{0: 17, 1: 0, 2: 0, 3: 0, 4: 0}",1
798,False,"{'a': 0.2, 'e': 0.002453840721672347}",20,15,10.449064680384485,"{0: 5, 1: 0, 2: 0, 3: 0, 4: 0}",1
799,False,"{'a': 0.2, 'e': 0.0024293023144556234}",25,16,17.950299451283,"{0: 9, 1: 0, 2: 0, 3: 0, 4: 0}",1
800,False,"{'a': 0.2, 'e': 0.002405009291311067}",25,16,21.36542907074105,"{0: 9, 1: 0, 2: 0, 3: 0, 4: 0}",1
801,False,"{'a': 0.2, 'e': 0.0023809591983979563}",30,18,22.31698044629408,"{0: 12, 1: 0, 2: 0, 3: 0, 4: 0}",1
802,False,"{'a': 0.2, 'e': 0.0023571496064139765}",20,6,26.307709777885332,"{0: 14, 1: 0, 2: 0, 3: 0, 4: 0}",1
803,False,"{'a': 0.2, 'e': 0.0023335781103498367}",25,19,11.14580120896758,"{0: 6, 1: 0, 2: 0, 3: 0, 4: 0}",1
804,False,"{'a': 0.2, 'e': 0.002310242329246338}",20,12,16.905310769383284,"{0: 8, 1: 0, 2: 0, 3: 0, 4: 0}",1
805,False,"{'a': 0.2, 'e': 0.002287139905953875}",20,13,13.698424348184677,"{0: 7, 1: 0, 2: 0, 3: 0, 4: 0}",1
806,False,"{'a': 0.2, 'e': 0.0022642685068943362}",25,11,23.04993765301199,"{0: 14, 1: 0, 2: 0, 3: 0, 4: 0}",1
807,False,"{'a': 0.2, 'e': 0.002241625821825393}",25,20,8.397136150422533,"{0: 5, 1: 0, 2: 0, 3: 0, 4: 0}",1
808,False,"{'a': 0.2, 'e': 0.002219209563607139}",20,3,33.36739789151446,"{0: 17, 1: 0, 2: 0, 3: 0, 4: 0}",1
809,False,"{'a': 0.2, 'e': 0.0021970174679710676}",30,11,32.21833410315844,"{0: 19, 1: 0, 2: 0, 3: 0, 4: 0}",1
810,False,"{'a': 0.2, 'e': 0.0021750472932913567}",25,9,28.01266253285662,"{0: 16, 1: 0, 2: 0, 3: 0, 4: 0}",1
811,False,"{'a': 0.2, 'e': 0.0021532968203584434}",35,15,29.44947078850435,"{0: 19, 1: 0, 2: 1, 3: 0, 4: 0}",1
812,False,"{'a': 0.2, 'e': 0.002131763852154859}",20,9,19.863923135586447,"{0: 11, 1: 0, 2: 0, 3: 0, 4: 0}",1
813,False,"{'a': 0.2, 'e': 0.0021104462136333105}",25,16,17.477154856863983,"{0: 9, 1: 0, 2: 0, 3: 0, 4: 0}",1
814,False,"{'a': 0.2, 'e': 0.0020893417514969773}",20,6,25.306698344520314,"{0: 14, 1: 0, 2: 0, 3: 0, 4: 0}",1
815,False,"{'a': 0.2, 'e': 0.0020684483339820075}",35,24,21.38438332837595,"{0: 11, 1: 0, 2: 0, 3: 0, 4: 0}",1
816,False,"{'a': 0.2, 'e': 0.0020477638506421875}",20,9,21.90615227532034,"{0: 11, 1: 0, 2: 0, 3: 0, 4: 0}",1
817,False,"{'a': 0.2, 'e': 0.0020272862121357657}",25,8,31.923687731063502,"{0: 17, 1: 0, 2: 0, 3: 0, 4: 0}",1
818,False,"{'a': 0.2, 'e': 0.002007013350014408}",20,0,29.59489966132982,"{0: 20, 1: 0, 2: 0, 3: 0, 4: 0}",1
819,False,"{'a': 0.2, 'e': 0.0019869432165142637}",25,10,28.907312780466093,"{0: 15, 1: 0, 2: 0, 3: 0, 4: 0}",1
820,False,"{'a': 0.2, 'e': 0.001967073784349121}",25,5,30.161501761012666,"{0: 20, 1: 0, 2: 0, 3: 0, 4: 0}",1
821,False,"{'a': 0.2, 'e': 0.0019474030465056298}",25,11,24.145296177626726,"{0: 14, 1: 0, 2: 0, 3: 0, 4: 0}",1
822,False,"{'a': 0.2, 'e': 0.0019279290160405735}",30,11,33.87283666393325,"{0: 19, 1: 0, 2: 0, 3: 0, 4: 0}",1
823,False,"{'a': 0.2, 'e': 0.0019086497258801677}",20,3,28.665809965873084,"{0: 17, 1: 0, 2: 0, 3: 0, 4: 0}",1
824,False,"{'a': 0.2, 'e': 0.0018895632286213661}",25,0,36.436141456552306,"{0: 25, 1: 0, 2: 0, 3: 0, 4: 0}",0
825,False,"{'a': 0.2, 'e': 0.0018706675963351524}",20,12,16.08568934447554,"{0: 8, 1: 0, 2: 0, 3: 0, 4: 0}",1
826,False,"{'a': 0.2, 'e': 0.0018519609203718008}",30,10,31.87810046659091,"{0: 20, 1: 0, 2: 0, 3: 0, 4: 0}",1
827,False,"{'a': 0.2, 'e': 0.0018334413111680827}",30,15,26.302274729803354,"{0: 15, 1: 0, 2: 0, 3: 0, 4: 0}",1
828,False,"{'a': 0.2, 'e': 0.001815106898056402}",25,20,8.808013068420383,"{0: 5, 1: 0, 2: 0, 3: 0, 4: 0}",1
829,False,"{'a': 0.2, 'e': 0.001796955829075838}",25,11,23.827817545318716,"{0: 14, 1: 0, 2: 0, 3: 0, 4: 0}",1
830,False,"{'a': 0.2, 'e': 0.0017789862707850797}",20,13,12.301348084562946,"{0: 7, 1: 0, 2: 0, 3: 0, 4: 0}",1
831,False,"{'a': 0.2, 'e': 0.001761196408077229}",20,11,13.800743539552583,"{0: 9, 1: 0, 2: 0, 3: 0, 4: 0}",1
832,False,"{'a': 0.2, 'e': 0.0017435844439964566}",30,18,19.5456268877094,"{0: 12, 1: 0, 2: 0, 3: 0, 4: 0}",1
833,False,"{'a': 0.2, 'e': 0.001726148599556492}",20,15,10.148683050619612,"{0: 5, 1: 0, 2: 0, 3: 0, 4: 0}",1
834,False,"{'a': 0.2, 'e': 0.001708887113560927}",20,12,12.765858857562737,"{0: 8, 1: 0, 2: 0, 3: 0, 4: 0}",1
835,False,"{'a': 0.2, 'e': 0.0016917982424253177}",20,15,6.865920289011652,"{0: 5, 1: 0, 2: 0, 3: 0, 4: 0}",1
836,False,"{'a': 0.2, 'e': 0.0016748802600010644}",20,7,20.368991393822423,"{0: 13, 1: 0, 2: 0, 3: 0, 4: 0}",1
837,False,"{'a': 0.2, 'e': 0.0016581314574010539}",20,6,25.40418026381974,"{0: 14, 1: 0, 2: 0, 3: 0, 4: 0}",1
838,False,"{'a': 0.2, 'e': 0.0016415501428270432}",25,8,33.04043131429879,"{0: 17, 1: 0, 2: 0, 3: 0, 4: 0}",1
839,False,"{'a': 0.2, 'e': 0.0016251346413987727}",20,11,15.619732094198335,"{0: 9, 1: 0, 2: 0, 3: 0, 4: 0}",1
840,False,"{'a': 0.2, 'e': 0.001608883294984785}",20,10,20.715622541600382,"{0: 10, 1: 0, 2: 0, 3: 0, 4: 0}",1
841,False,"{'a': 0.2, 'e': 0.0015927944620349372}",20,10,16.569533627789696,"{0: 10, 1: 0, 2: 0, 3: 0, 4: 0}",1
842,False,"{'a': 0.2, 'e': 0.0015768665174145879}",20,9,18.13171680165444,"{0: 11, 1: 0, 2: 0, 3: 0, 4: 0}",1
843,False,"{'a': 0.2, 'e': 0.001561097852240442}",20,10,20.966739456875832,"{0: 10, 1: 0, 2: 0, 3: 0, 4: 0}",1
844,False,"{'a': 0.2, 'e': 0.0015454868737180376}",25,8,25.787497946293758,"{0: 17, 1: 0, 2: 0, 3: 0, 4: 0}",1
845,False,"{'a': 0.2, 'e': 0.0015300320049808573}",20,1,25.312149601844254,"{0: 19, 1: 0, 2: 0, 3: 0, 4: 0}",1
846,False,"{'a': 0.2, 'e': 0.0015147316849310488}",30,24,11.50875586310472,"{0: 6, 1: 0, 2: 0, 3: 0, 4: 0}",1
847,False,"{'a': 0.2, 'e': 0.0014995843680817383}",20,8,22.95766293444629,"{0: 12, 1: 0, 2: 0, 3: 0, 4: 0}",1
848,False,"{'a': 0.2, 'e': 0.001484588524400921}",30,13,33.58582528351883,"{0: 17, 1: 0, 2: 0, 3: 0, 4: 0}",1
849,False,"{'a': 0.2, 'e': 0.0014697426391569117}",20,12,-6.026380557441172,"{0: 7, 1: 0, 2: 0, 3: 1, 4: 0}",1
850,False,"{'a': 0.2, 'e': 0.0014550452127653425}",20,8,19.248448620670537,"{0: 12, 1: 0, 2: 0, 3: 0, 4: 0}",1
851,False,"{'a': 0.2, 'e': 0.0014404947606376892}",25,14,23.674691912133092,"{0: 11, 1: 0, 2: 0, 3: 0, 4: 0}",1
852,False,"{'a': 0.2, 'e': 0.0014260898130313124}",30,11,37.434094247193094,"{0: 19, 1: 0, 2: 0, 3: 0, 4: 0}",1
853,False,"{'a': 0.2, 'e': 0.0014118289149009993}",25,12,23.234760616718955,"{0: 13, 1: 0, 2: 0, 3: 0, 4: 0}",1
854,False,"{'a': 0.2, 'e': 0.0013977106257519892}",25,8,34.43800355268906,"{0: 17, 1: 0, 2: 0, 3: 0, 4: 0}",1
855,False,"{'a': 0.2, 'e': 0.0013837335194944694}",20,13,14.390924311015365,"{0: 7, 1: 0, 2: 0, 3: 0, 4: 0}",1
856,False,"{'a': 0.2, 'e': 0.0013698961842995246}",20,10,20.764407371503527,"{0: 10, 1: 0, 2: 0, 3: 0, 4: 0}",1
857,False,"{'a': 0.2, 'e': 0.0013561972224565293}",30,15,29.744386208873596,"{0: 15, 1: 0, 2: 0, 3: 0, 4: 0}",1
858,False,"{'a': 0.2, 'e': 0.001342635250231964}",25,13,21.772295568234462,"{0: 12, 1: 0, 2: 0, 3: 0, 4: 0}",1
859,False,"{'a': 0.2, 'e': 0.0013292088977296444}",30,12,30.339058070195485,"{0: 18, 1: 0, 2: 0, 3: 0, 4: 0}",1
860,False,"{'a': 0.2, 'e': 0.001315916808752348}",25,11,24.820091383494344,"{0: 14, 1: 0, 2: 0, 3: 0, 4: 0}",1
861,False,"{'a': 0.2, 'e': 0.0013027576406648245}",25,2,38.58416517747775,"{0: 23, 1: 0, 2: 0, 3: 0, 4: 0}",1
862,False,"{'a': 0.2, 'e': 0.0012897300642581763}",20,9,15.913767239154868,"{0: 11, 1: 0, 2: 0, 3: 0, 4: 0}",1
863,False,"{'a': 0.2, 'e': 0.0012768327636155945}",20,13,13.51616506128477,"{0: 7, 1: 0, 2: 0, 3: 0, 4: 0}",1
864,False,"{'a': 0.2, 'e': 0.0012640644359794386}",25,6,37.02511411472118,"{0: 19, 1: 0, 2: 0, 3: 0, 4: 0}",1
865,False,"{'a': 0.2, 'e': 0.0012514237916196442}",20,12,11.492239500307337,"{0: 8, 1: 0, 2: 0, 3: 0, 4: 0}",1
866,False,"{'a': 0.2, 'e': 0.0012389095537034477}",30,20,20.625927930276998,"{0: 10, 1: 0, 2: 0, 3: 0, 4: 0}",1
867,False,"{'a': 0.2, 'e': 0.0012265204581664133}",25,14,22.03464095335076,"{0: 11, 1: 0, 2: 0, 3: 0, 4: 0}",1
868,False,"{'a': 0.2, 'e': 0.0012142552535847491}",30,11,35.795675307466276,"{0: 19, 1: 0, 2: 0, 3: 0, 4: 0}",1
869,False,"{'a': 0.2, 'e': 0.0012021127010489016}",30,17,20.67298892272724,"{0: 13, 1: 0, 2: 0, 3: 0, 4: 0}",1
870,False,"{'a': 0.2, 'e': 0.0011900915740384126}",25,10,28.96099300608807,"{0: 15, 1: 0, 2: 0, 3: 0, 4: 0}",1
871,False,"{'a': 0.2, 'e': 0.0011781906582980285}",20,11,18.318654241295867,"{0: 9, 1: 0, 2: 0, 3: 0, 4: 0}",1
872,False,"{'a': 0.2, 'e': 0.0011664087517150481}",20,0,33.42914440603298,"{0: 20, 1: 0, 2: 0, 3: 0, 4: 0}",0
873,False,"{'a': 0.2, 'e': 0.0011547446641978977}",30,13,28.409673991580238,"{0: 17, 1: 0, 2: 0, 3: 0, 4: 0}",1
874,False,"{'a': 0.2, 'e': 0.0011431972175559187}",20,2,30.072925254123227,"{0: 18, 1: 0, 2: 0, 3: 0, 4: 0}",1
875,False,"{'a': 0.2, 'e': 0.0011317652453803595}",20,8,21.39425309769412,"{0: 12, 1: 0, 2: 0, 3: 0, 4: 0}",1
876,False,"{'a': 0.2, 'e': 0.0011204475929265558}",30,12,34.56261703210425,"{0: 18, 1: 0, 2: 0, 3: 0, 4: 0}",1
877,False,"{'a': 0.2, 'e': 0.0011092431169972903}",20,10,18.150720582141325,"{0: 10, 1: 0, 2: 0, 3: 0, 4: 0}",1
878,False,"{'a': 0.2, 'e': 0.0010981506858273175}",35,21,26.97505937247801,"{0: 14, 1: 0, 2: 0, 3: 0, 4: 0}",1
879,False,"{'a': 0.2, 'e': 0.0010871691789690443}",20,12,-27.266518241446157,"{0: 7, 1: 0, 2: 0, 3: 0, 4: 1}",1
880,False,"{'a': 0.2, 'e': 0.0010762974871793539}",25,18,16.908637551028782,"{0: 7, 1: 0, 2: 0, 3: 0, 4: 0}",1
881,False,"{'a': 0.2, 'e': 0.0010655345123075602}",30,13,29.928536363675395,"{0: 17, 1: 0, 2: 0, 3: 0, 4: 0}",1
882,False,"{'a': 0.2, 'e': 0.0010548791671844847}",20,9,19.53599534384039,"{0: 11, 1: 0, 2: 0, 3: 0, 4: 0}",1
883,False,"{'a': 0.2, 'e': 0.0010443303755126399}",25,12,21.55526262855198,"{0: 13, 1: 0, 2: 0, 3: 0, 4: 0}",1
884,False,"{'a': 0.2, 'e': 0.0010338870717575134}",30,8,36.48339510644522,"{0: 22, 1: 0, 2: 0, 3: 0, 4: 0}",1
885,False,"{'a': 0.2, 'e': 0.0010235482010399382}",25,12,21.83087554422726,"{0: 13, 1: 0, 2: 0, 3: 0, 4: 0}",1
886,False,"{'a': 0.2, 'e': 0.0010133127190295388}",25,20,9.845688011481858,"{0: 5, 1: 0, 2: 0, 3: 0, 4: 0}",1
887,False,"{'a': 0.2, 'e': 0.0010031795918392433}",25,17,15.08444548425576,"{0: 8, 1: 0, 2: 0, 3: 0, 4: 0}",1
888,False,"{'a': 0.2, 'e': 0.000993147795920851}",20,15,10.192091512003515,"{0: 5, 1: 0, 2: 0, 3: 0, 4: 0}",1
889,False,"{'a': 0.2, 'e': 0.0009832163179616423}",25,9,32.97868852692427,"{0: 16, 1: 0, 2: 0, 3: 0, 4: 0}",1
890,False,"{'a': 0.2, 'e': 0.0009733841547820259}",20,12,14.730731825856495,"{0: 8, 1: 0, 2: 0, 3: 0, 4: 0}",1
891,False,"{'a': 0.2, 'e': 0.0009636503132342056}",30,13,36.13326678646587,"{0: 17, 1: 0, 2: 0, 3: 0, 4: 0}",1
892,False,"{'a': 0.2, 'e': 0.0009540138101018636}",20,8,23.281953908443707,"{0: 12, 1: 0, 2: 0, 3: 0, 4: 0}",1
893,False,"{'a': 0.2, 'e': 0.000944473672000845}",25,8,35.011869792970764,"{0: 17, 1: 0, 2: 0, 3: 0, 4: 0}",1
894,False,"{'a': 0.2, 'e': 0.0009350289352808365}",20,9,20.576493837337473,"{0: 11, 1: 0, 2: 0, 3: 0, 4: 0}",1
895,False,"{'a': 0.2, 'e': 0.0009256786459280281}",20,9,17.34630398072836,"{0: 11, 1: 0, 2: 0, 3: 0, 4: 0}",1
896,False,"{'a': 0.2, 'e': 0.0009164218594687477}",20,0,33.169605841470826,"{0: 20, 1: 0, 2: 0, 3: 0, 4: 0}",0
897,False,"{'a': 0.2, 'e': 0.0009072576408740603}",25,12,22.007925734757748,"{0: 13, 1: 0, 2: 0, 3: 0, 4: 0}",1
898,False,"{'a': 0.2, 'e': 0.0008981850644653197}",20,6,27.847804344729667,"{0: 14, 1: 0, 2: 0, 3: 0, 4: 0}",1
899,False,"{'a': 0.2, 'e': 0.0008892032138206666}",35,19,28.226899987513164,"{0: 16, 1: 0, 2: 0, 3: 0, 4: 0}",1
900,False,"{'a': 0.2, 'e': 0.0008803111816824599}",30,8,37.653550530700116,"{0: 22, 1: 0, 2: 0, 3: 0, 4: 0}",1
901,False,"{'a': 0.2, 'e': 0.0008715080698656353}",30,6,41.49165912259567,"{0: 24, 1: 0, 2: 0, 3: 0, 4: 0}",1
902,False,"{'a': 0.2, 'e': 0.0008627929891669789}",25,15,17.99296128967225,"{0: 10, 1: 0, 2: 0, 3: 0, 4: 0}",1
903,False,"{'a': 0.2, 'e': 0.0008541650592753091}",20,0,28.417575588641284,"{0: 20, 1: 0, 2: 0, 3: 0, 4: 0}",0
904,False,"{'a': 0.2, 'e': 0.000845623408682556}",25,15,20.885915727964306,"{0: 10, 1: 0, 2: 0, 3: 0, 4: 0}",1
905,False,"{'a': 0.2, 'e': 0.0008371671745957304}",25,17,16.574796378191202,"{0: 8, 1: 0, 2: 0, 3: 0, 4: 0}",1
906,False,"{'a': 0.2, 'e': 0.0008287955028497731}",25,17,13.892890344881504,"{0: 8, 1: 0, 2: 0, 3: 0, 4: 0}",1
907,False,"{'a': 0.2, 'e': 0.0008205075478212754}",20,10,20.2208251958252,"{0: 10, 1: 0, 2: 0, 3: 0, 4: 0}",1
908,False,"{'a': 0.2, 'e': 0.0008123024723430627}",35,5,46.04265173147538,"{0: 30, 1: 0, 2: 0, 3: 0, 4: 0}",1
909,False,"{'a': 0.2, 'e': 0.000804179447619632}",30,8,38.80578804557103,"{0: 22, 1: 0, 2: 0, 3: 0, 4: 0}",1
910,False,"{'a': 0.2, 'e': 0.0007961376531434358}",20,12,18.31870477954094,"{0: 8, 1: 0, 2: 0, 3: 0, 4: 0}",1
1,True,"{'a': 0.0, 'e': 0.0}",20,12,17.33483246483176,"{0: 8, 1: 0, 2: 0, 3: 0, 4: 0}",1
2,True,"{'a': 0.0, 'e': 0.0}",25,12,23.125471682788756,"{0: 13, 1: 0, 2: 0, 3: 0, 4: 0}",1
3,True,"{'a': 0.0, 'e': 0.0}",25,3,36.46236984961765,"{0: 22, 1: 0, 2: 0, 3: 0, 4: 0}",1
4,True,"{'a': 0.0, 'e': 0.0}",30,8,40.131453275111234,"{0: 22, 1: 0, 2: 0, 3: 0, 4: 0}",1
5,True,"{'a': 0.0, 'e': 0.0}",25,10,25.867351387126583,"{0: 15, 1: 0, 2: 0, 3: 0, 4: 0}",1
6,True,"{'a': 0.0, 'e': 0.0}",25,10,25.32655546133586,"{0: 15, 1: 0, 2: 0, 3: 0, 4: 0}",1
7,True,"{'a': 0.0, 'e': 0.0}",20,8,20.233517992161836,"{0: 12, 1: 0, 2: 0, 3: 0, 4: 0}",1
8,True,"{'a': 0.0, 'e': 0.0}",25,11,24.446545036013617,"{0: 14, 1: 0, 2: 0, 3: 0, 4: 0}",1
9,True,"{'a': 0.0, 'e': 0.0}",20,12,12.892544998976174,"{0: 8, 1: 0, 2: 0, 3: 0, 4: 0}",1
10,True,"{'a': 0.0, 'e': 0.0}",25,11,26.373951936173214,"{0: 14, 1: 0, 2: 0, 3: 0, 4: 0}",1
